EventId,EventTemplate,Occurrences
1,Receiving block <*> src <*> <*> dest <*> 50010,1723232
2,BLOCK* NameSystem.allocateBlock <*>,575061
3,PacketResponder <*> for block <*>,1706728
4,Received block <*> of size <*>,1713611
5,BLOCK* NameSystem.addStoredBlock blockMap updated <*> 50010 is added to <*> size <*>,1719741
6,<*> 50010 Transmitted block <*> to <*> 50010,6937
7,<*> 50010 Starting thread to transfer block <*> to <*> 50010 <*>,7002
8,BLOCK* ask <*> 50010 to replicate <*> to datanode(s) <*> 50010 <*>,7002
9,<*> 50010 Served block <*> to <*>,428726
10,Verification succeeded for <*>,120036
11,writeBlock <*> received exception <*>,3300
12,PacketResponder <*> 2 Exception java.io.EOFException,19
13,writeBlock <*> received exception java.io.IOException Could not read from stream,82
14,Deleting block <*> file <*>,1402047
15,Receiving empty packet for block <*>,1464
16,<*> <*> <*> <*> <*> blk_-3102267849859399193 java.io.IOException Connection reset by peer,2
17,BLOCK* NameSystem.addStoredBlock Redundant addStoredBlock request received for <*> on <*> 50010 size <*>,975
18,<*> <*> <*> <*> java.net.SocketTimeoutException <*> millis timeout while waiting for channel to be ready for <*> ch java.nio.channels.SocketChannel[connected local <*> <*> remote <*> 50010],42
19,<*> <*> <*> <*> <*> blk_4241467193520768333 java.io.IOException Connection reset by peer,4
20,<*> <*> <*> <*> java.io.InterruptedIOException Interruped while waiting for IO on channel <*> <*> <*> <*> <*> <*> <*> <*> millis timeout left.,61
21,Exception in receiveBlock for block <*>,128
22,Changing block file offset of block <*> from 0 to <*> meta file offset to <*>,65
23,Exception <*> <*> <*> <*> <*> java.io.IOException Connection reset by peer,14
24,<*> 50010 Exception writing block <*> to mirror <*> 50010,34
25,PacketResponder <*> <*> Exception java.io.IOException Broken pipe,6
26,writeBlock <*> received exception java.io.IOException Block <*> is valid and cannot be written to.,9
27,<*> 50010 Failed to transfer <*> to <*> 50010 got java.io.IOException Connection reset by peer,9
28,BLOCK* NameSystem.delete <*> is added to invalidSet of <*> 50010,1396174
29,Unexpected error trying to delete block <*> BlockInfo not found in volumeMap.,5545
30,BLOCK* <*> <*> <*> <*> <*> <*> <*> <*> <*> <*> <*> <*> it does not belong to any file.,1292
31,<*> 50010 Got exception while serving <*> to <*>,356207
32,Reopen Block <*>,5
33,PacketResponder <*> <*> Exception java.nio.channels.ClosedByInterruptException,10
34,PendingReplicationMonitor timed out block <*>,47
35,Adding an already existing block <*>,10
36,PacketResponder <*> 1 Exception java.io.IOException The stream is closed,2
