EventId,EventTemplate,Occurrences
1,CoarseGrainedExecutorBackend Started daemon with process <*>,23580
2,SignalUtils Registering signal handler for <*>,70766
3,NativeCodeLoader Unable to load native-hadoop library for your platform... using builtin-java classes where applicable,23460
4,SecurityManager Changing <*> acls to <*>,186791
5,SecurityManager SecurityManager authentication disabled; ui acls disabled; users with view permissions Set(root); groups with view permissions Set(); users with modify permissions Set(root); groups with modify permissions Set(),46733
6,TransportClientFactory Successfully created connection to <*> <*> ms spent in bootstraps),114541
7,DiskBlockManager Created local directory at <*>,23257
8,MemoryStore MemoryStore started with capacity <*> MiB,23254
9,<*> <*> <*> <*> spark <*>,117599
10,ResourceUtils,46484
11,ResourceUtils No custom resources configured for spark.executor.,23242
12,CoarseGrainedExecutorBackend Successfully registered with driver,23232
13,Executor <*>,8323
14,Utils Successfully started service <*> on port<*>.,23224
15,NettyBlockTransferService Server created on <*> <*>,23224
16,BlockManager Using org.apache.spark.storage.RandomBlockReplicationPolicy for block replication policy,23224
17,<*> <*> BlockManager <*> <*><*> None),69672
18,Utils Copying <*>to <*>,22338
19,Executor Adding file <*>to class loader,22334
20,CoarseGrainedExecutorBackend <*>,2528264
21,Executor <*> task <*> in stage <*> (TID<*>),2545721
22,TorrentBroadcast <*> <*> broadcast <*>,1097102
23,MemoryStore Block <*> <*> as <*> in memory <*>,1610964
24,<*> Input split hdfs <*>,234861
25,Executor Finished task <*> in stage <*> (TID<*>).<*>bytes result sent <*>,2510286
26,MapOutputTrackerWorker Updating epoch to<*>and clearing cache,173710
27,MapOutputTrackerWorker Don't have map outputs for shuffle<*> fetching them,179693
28,MapOutputTrackerWorker Doing the fetch; tracker endpoint NettyRpcEndpointRef(spark <*>,179693
29,MapOutputTrackerWorker Got the map output locations,179690
30,ShuffleBlockFetcherIterator Getting<*>(<*> <*> non-empty blocks including<*>(<*> <*> local and<*>(<*> B) host-local and<*>(<*> B) push-merged-local and<*>(<*> B) remote blocks,791866
31,ShuffleBlockFetcherIterator Started<*>remote fetches in<*>ms,791932
32,BlockManager Found block <*> locally,1821822
33,CodeGenerator Code generated in <*> ms,52561
34,FileOutputCommitter File Output Committer Algorithm version is<*>,106538
35,FileOutputCommitter FileOutputCommitter skip cleanup _temporary folders under output directory false ignore cleanup failures false,106542
36,<*> Using <*> <*> output <*>,94770
37,CodecConfig Compression SNAPPY,12760
38,ParquetOutputFormat Parquet <*>,12760
39,ParquetOutputFormat Validation is off,6380
40,ParquetOutputFormat Maximum row group padding size is<*>bytes,6380
41,ParquetWriteSupport Initialized Parquet WriteSupport with Catalyst schema,6380
42,CodecPool Got brand-new <*> <*>,2852
43,FileOutputCommitter <*> <*> <*> <*> <*> <*> hdfs <*>,94120
44,SparkHadoopMapRedUtil <*> Committed,94447
45,CoarseGrainedExecutorBackend Driver commanded a shutdown,22164
46,MemoryStore MemoryStore cleared,4746
47,CoarseGrainedExecutorBackend RECEIVED SIGNAL TERM,1742
48,<*> Failed to load implementation from <*>,19281
49,Executor <*>block locks were not released by task <*> in stage <*> (TID<*>),21502
50,BlockManager Asked to remove block <*> which does not exist,3567
51,BlockManager Removing RDD<*>,65402
52,BlockManager BlockManager stoppe,213
53,FileScanRDD Reading File path hdfs <*>,12551
54,InternalParquetRecordReader RecordReader initialized will read a total of<*>records.,12551
55,InternalParquetRecordReader at row<*>. reading next block,12551
56,InternalParquetRecordReader block read in memory in<*>ms. row count <*>,12551
57,Bl,1050
58,CoarseGrainedExecutorBackend Driver from spark-master <*>,313
59,BlockManager BlockManager stopped,2665
60,C,79
61,ShutdownHookManager <*>,3655
62,ShutdownHookManager Deleting directory <*>,433
63,DFSClient No live nodes contain block <*> after checking nodes <*> ignoredNodes null,3640
64,DFSClient No node available for <*> file <*>,2099
65,DFSClient Could not obtain <*> <*> <*> <*> <*> live nodes contain current block Block locations Dead nodes . <*>,3539
66,DFSClient DFS <*>,723
67,DFSClient DFS chooseDataNode got #<*>IOException will wait for <*> msec.,2201
68,Executor Issue communicating with driver in heartbeater,498
69,TransportResponseHandler Ignoring response for RPC<*>from spark-master<*>(81 bytes) since it is not outstanding,197
70,BlockReaderFactory I<*>error constructing remote block reader.,104
71,DFSClient <*> to <*> <*> <*>for <*> <*> <*> <*> <*>,107
72,DFSClient Could not obtain <*> from any node No live nodes contain current block Block locations DatanodeInfoWithStorage<*>. Will get new block locations from namenode and retry...,105
73,TransportChannelHandler Exception in connection from spark-master/<*> <*>,1586
74,CoarseGrainedExecutorBackend Executor self-exiting due to <*>,32
75,Client Retrying connect to server spark-master<*>Already tried<*>time(s); maxRetries 45,1459
76,BlockManager Putting block <*> failed due to exception <*>,271
77,BlockManager Block <*> could not be removed as it was not found on disk or in memory,271
78,CoarseGrainedExecutorBackend Executor self-exiting due to Unable to create executor due to No space left on device,1556
79,Executor Executor is trying to kill task <*> in <*>,19
80,TransportResponseHandler Still have<*>requests outstanding when connection from spark-master<*>is closed,2
81,MapOutputTrackerWorker Error communicating with MapOutputTracker,1
82,DataStreamer <*> <*> <*> <*> <*> <*> <*> <*> <*> <*> <*>,30
83,DataStreamer Exception in createBlockOutputStream blk<*>1214,1
84,Utils Aborting task,8
85,SparkHadoopWriter Task attempt<*>0003_m<*>0 aborted.,7
86,Executor Starting executor ID<*>on host <*>,14911
87,CoarseGr,39
88,CoarseGraine,8
89,Coa,16
90,Co,9
91,Coars,10
92,Coar,9
93,CoarseGrainedExecut,5
94,CoarseGrainedExecutorB,2
95,CoarseGrain,7
96,ShutdownHookMana,29
97,DiskBlockManager Shutdown hook called,5
98,CoarseGrainedExecutorBack,5
99,CoarseGrained,2
100,CoarseGrai,5
101,CoarseGra,5
102,CoarseG,1
103,Utils Exception encountered,1
104,SparkHadoopMapRedUtil attempt<*>0003_m<*>0 Not committed because the driver did not authorize commit,1
105,BlockManager Putting block rdd<*>0 failed due to exception java.io.InterruptedIOException DestHost destPort spark-master 9000 LocalHost localPort spark-slave<*>Failed on local exception java.io.InterruptedIOException Interrup,1
106,Executor Exception in task <*> in stage <*> (TID<*>) DestHost destPort spark-master 9000 LocalHost localPort spark-slave<*>Failed on local exception java.io.InterruptedIOException Interrupted while waiting for IO on channel java.nio.channels.SocketChannel<*>. Total timeout mills is<*> <*>millis timeout left.,1
