EventId,EventTemplate,Count
1,Receiving block <*> src: <*> dest: <*>,1723222
2,BLOCK* NameSystem.allocateBlock: <*>,575061
3,PacketResponder <*> for block <*> terminating,1704976
4,Received block <*> of size <*> from <*>,1706510
5,BLOCK* NameSystem.addStoredBlock: blockMap updated: <*> is added to <*> size <*>,1719741
6,Received block <*> src: <*> dest: <*> of size <*>,7097
7,<*>:Transmitted block <*> to <*>,6937
8,<*> Starting thread to transfer block <*> to <*>,7002
9,BLOCK* ask <*> to replicate <*> to datanode(s) <*>,7002
10,<*> Served block <*> to <*>,428726
11,Verification succeeded for <*>,120036
12,PacketResponder 0 for block <*> terminating,1703
13,writeBlock <*> received exception <*>SocketTimeoutException,13
14,PacketResponder <*> Exception <*>Exception,19
15,writeBlock <*> received exception <*>Exception: Could not read from stream,2022
16,writeBlock <*> received exception java<*>Exception: Could not read from stream,1204
17,Deleting block <*> file <*>,1402029
18,Receiving empty packet for block <*>,1464
19,Exception in receiveBlock for block <*>Exception: Connection reset by peer,75
20,writeBlock <*> received exception java<*>Exception: Connection reset by peer,9
21,BLOCK* NameSystem.addStoredBlock: Redundant addStoredBlock request received for <*> on <*> size <*>,975
22,PacketResponder <*> Exception <*>SocketTimeoutException: <*> timeout while waiting for channel to be ready for read. <*> : <*>Channel<*>,12
23,PacketResponder <*> Exception <*>Exception: Interruped while waiting for IO on <*> timeout left<*>,30
24,writeBlock <*> received exception <*>Exception: Connection reset by peer,66
25,Exception in receiveBlock for block <*>Exception,48
26,writeBlock <*> received exception <*>Exception,47
27,PacketResponder <*> for block <*> Interrupted.,47
28,Changing block file offset of block <*> from <*> to <*> file offset to <*>,65
29,<*>:Exception writing block <*> to mirror <*>,34
30,Exception in receiveBlock for block <*>Exception: Interruped while waiting for IO on channel <*> timeout left<*>,12
31,writeBlock <*> received exception <*>Exception: Interruped while waiting for IO on channel <*> timeout left<*>,3
32,PacketResponder <*> Exception <*>Exception: Broken pipe,6
33,"<*>Block <*> received exception <*>Exception: Block <*> is valid, and cannot be written to.",1
34,<*>:Failed to transfer <*> to <*> got <*>Exception: Connection reset by peer,9
35,"writeBlock <*> received exception <*>Exception: Block <*> is valid, and cannot be written to<*>",1
36,BLOCK* NameSystem.delete: <*> is added to invalidSet of <*>,1396174
37,Unexpected error trying to delete block <*>. BlockInfo not found in volumeMap.,5545
38,BLOCK* NameSystem.addStoredBlock: addStoredBlock request received for <*> on <*> size <*> But it does not belong to any file<*>,1284
39,<*>:Got exception while serving <*> to <*>:,356207
40,Receiving block <*>20439 src: <*> dest: <*>,9
41,PacketResponder <*> Exception <*>Exception: Connection reset by peer,11
42,writeBlock <*> received exception java<*>Exception: Interruped while waiting for IO on channel <*> timeout left<*>,2
43,"writeBlock <*> received exception <*>Exception: Block <*> is valid, and cannot be written to.",3
44,Exception in receiveBlock for block <*>TimeoutException: <*> timeout while waiting for channel to be ready for write. <*> : <*>Channel<*>,1
45,writeBlock <*> received exception <*>TimeoutException: <*> timeout while waiting for channel to be ready for write. <*> : <*>Channel<*>,3
46,Exception in receiveBlock for block <*>IOException: Interruped while waiting for IO on channel <*> timeout left<*>,4
47,writeBlock <*> received exception <*>IOException: Interruped while waiting for IO on <*> timeout left<*>,1
48,Exception in receiveBlock for block <*>ClosedByInter<*>Exception,8
49,writeBlock <*> received exception <*>ClosedByInter<*>Exception,7
50,Reopen Block <*>,5
51,PacketResponder <*> Exception <*>TimeoutException: <*> timeout while waiting for channel to be ready for read. <*> : <*>Channel<*>,4
52,PacketResponder <*> Exception <*>ClosedByInter<*>Exception,10
53,Deleting block <*>70710 file <*>,9
54,Deleting block <*>20439 file <*>,9
55,"<*>Block <*> received exception <*>Exception: Block <*> is valid, and cannot be written to<*>",4
56,BLOCK* Removing block <*> from <*>Repl<*> as it does not belong to any file<*>,4
57,BLOCK* NameSystem.addStoredBlock: addStoredBlock request received for <*> on <*> size <*> But it does not belong to any file.,4
58,PendingReplicationMonitor timed out block <*>,47
59,Receiving block <*>70710 src: <*> dest: <*>,1
60,writeBlock <*> received exception <*>SocketTimeoutException: <*> timeout while waiting for channel to be ready for read. <*> : <*>Channel<*>,8
61,writeBlock <*> received exception <*>TimeoutException: <*> timeout while waiting for channel to be ready for read. <*> : <*>Channel<*>,1
62,PacketResponder 0 for block <*> Interrupted.,2
63,writeBlock <*> received exception <*>Exception: Interrupted receiveBlock,11
64,PacketResponder <*> Exception <*>Exception: Interruped while waiting for IO on channel <*>Channel<*> timeout left<*>,5
65,PacketResponder <*> Exception <*>IOException: Interruped while waiting for IO on <*> timeout left<*>,3
66,Received block <*>20439 of size <*> from <*>,4
67,PacketResponder <*> Exception <*>TimeoutException: <*> timeout while waiting for channel to be ready for read. <*>Channel<*>,5
68,writeBlock <*> received exception <*>RouteToHostException: No route to host,1
69,writeBlock <*> received exception java<*>Exception: Broken pipe,4
70,writeBlock <*> received exception <*>Exception: Interruped while waiting for IO on <*> timeout left<*>,1
71,PacketResponder <*> Exception <*>SocketTimeoutException: <*> timeout while waiting for channel to be ready for read. <*>Channel<*>,1
72,Adding an already existing block <*>,10
73,writeBlock <*> received exception <*>SocketTimeoutException: <*> timeout while waiting for channel to be ready for read<*> : <*>Channel<*>,1
74,Exception in receiveBlock for block <*>SocketTimeoutException: <*> timeout while waiting for channel to be ready for write. <*> : <*>Channel<*>,4
75,writeBlock <*> received exception <*>SocketTimeoutException: <*> timeout while waiting for channel to be ready for write. <*> : <*>Channel<*>,2
76,Exception in receiveBlock for block <*>Exception: Broken pipe,3
77,writeBlock <*> received exception <*>Exception: Broken pipe,1
78,PacketResponder <*> Exception <*>Exception: The stream is closed,2
