EventId,EventTemplate
1,dfs.DataNode$DataXceiver : Receiving block <*> src : <*> : <*> dest : <*> : <*>
2,dfs.FSNamesystem : BLOCK* NameSystem.allocateBlock : <*> <*>
3,dfs.DataNode$PacketResponder : PacketResponder <*> for block <*> terminating
4,dfs.DataNode$PacketResponder : Received block <*> of size <*> from <*>
5,dfs.DataNode$DataXceiver : Received block <*> src : <*> : <*> dest : <*> : <*> of size <*>
6,dfs.DataNode$DataTransfer : <*> : <*> : Transmitted block <*> to <*> : <*>
7,dfs.DataNode : <*> : <*> Starting thread to transfer block <*> to <*> : <*> <*> <*> <*> <*>
8,dfs.FSNamesystem : BLOCK* ask <*> : <*> to replicate <*> to datanode(s) <*> : <*> <*> <*> <*>
9,dfs.DataNode$DataXceiver : writeBlock <*> received exception <*>
10,dfs.DataNode$PacketResponder : PacketResponder <*> <*> Exception <*>
11,dfs.DataNode$DataXceiver : writeBlock <*> received exception java.io.IOException : Could not read from stream
12,dfs.FSDataset : Deleting block <*> file <*>
13,dfs.DataNode$BlockReceiver : Receiving empty packet for block <*>
14,dfs.DataNode$BlockReceiver : Exception in receiveBlock for block <*> java.io.IOException : Connection reset by peer
15,dfs.DataNode$DataXceiver : writeBlock <*> received exception java.io.IOException : Connection reset by peer
16,dfs.FSNamesystem : BLOCK* NameSystem.addStoredBlock : Redundant addStoredBlock request received for <*> on <*> : <*> size <*>
17,dfs.DataNode$PacketResponder : PacketResponder <*> <*> Exception java.net.SocketTimeoutException : <*> millis timeout while waiting for channel to be ready for read. ch : java.nio.channels.SocketChannel[connected local = <*> : <*> remote = <*> : 50010]
18,dfs.DataNode$PacketResponder : PacketResponder <*> <*> Exception java.io.InterruptedIOException : Interruped while waiting for IO on channel java.nio.channels.SocketChannel[connected local = <*> : <*> remote = <*> : 50010]. <*> millis timeout left.
19,dfs.DataNode$BlockReceiver : Exception in receiveBlock for block <*> <*>
20,dfs.DataNode$PacketResponder : PacketResponder <*> for block <*> Interrupted.
21,dfs.DataNode$BlockReceiver : Changing block file offset of block <*> from <*> to <*> meta file offset to <*>
22,dfs.DataNode$BlockReceiver : <*> : <*> : Exception writing block <*> to mirror <*> : <*>
23,dfs.DataNode$BlockReceiver : Exception in receiveBlock for block <*> java.io.InterruptedIOException : Interruped while waiting for IO on channel java.nio.channels.SocketChannel[connected local = <*> : <*> remote = <*> : <*> <*> millis timeout left.
24,dfs.DataNode$DataXceiver : writeBlock <*> received exception java.io.InterruptedIOException : Interruped while waiting for IO on channel java.nio.channels.SocketChannel[connected local = <*> : <*> remote = <*> : <*> <*> millis timeout left.
25,dfs.DataNode$PacketResponder : PacketResponder <*> <*> Exception java.io.IOException : Broken pipe
26,"dfs.DataNode$DataXceiver : writeBlock <*> received exception java.io.IOException : Block <*> is valid , and cannot be written to."
27,dfs.DataNode$DataTransfer : <*> : <*> : Failed to transfer <*> to <*> : <*> got java.io.IOException : Connection reset by peer
28,dfs.FSNamesystem : BLOCK* NameSystem.delete : <*> is added to invalidSet of <*> : <*>
29,dfs.FSDataset : Unexpected error trying to delete block <*> BlockInfo not found in volumeMap.
30,dfs.FSNamesystem : BLOCK* NameSystem.addStoredBlock : addStoredBlock request received for <*> on <*> : <*> size <*> But it does not belong to any file.
31,dfs.DataNode$PacketResponder : PacketResponder <*> <*> Exception java.io.IOException : Connection reset by peer
32,dfs.DataNode$BlockReceiver : Exception in receiveBlock for block <*> java.net.SocketTimeoutException : <*> millis timeout while waiting for channel to be ready for write. ch : java.nio.channels.SocketChannel[connected local = <*> : <*> remote = <*> : 50010]
33,dfs.DataNode$DataXceiver : writeBlock <*> received exception java.net.SocketTimeoutException : <*> millis timeout while waiting for channel to be ready for write. ch : java.nio.channels.SocketChannel[connected local = <*> : <*> remote = <*> : 50010]
34,dfs.FSDataset : Reopen Block <*>
35,dfs.FSNamesystem : BLOCK* Removing block <*> from neededReplications as it does not belong to any file.
36,dfs.PendingReplicationBlocks$PendingReplication <*> itor : PendingReplication <*> itor timed out block <*>
37,dfs.DataNode$DataXceiver : writeBlock <*> received exception java.net.SocketTimeoutException : <*> millis timeout while waiting for channel to be ready for read. ch : java.nio.channels.SocketChannel[connected local = <*> : <*> remote = <*> : 50010]
38,dfs.DataNode$DataXceiver : writeBlock <*> received exception java.io.IOException : Interrupted receiveBlock
39,dfs.DataNode$PacketResponder : PacketResponder <*> <*> Exception java.io.InterruptedIOException : Interruped while waiting for IO on channel java.nio.channels.SocketChannel[closed]. <*> millis timeout left.
40,dfs.DataNode$DataXceiver : writeBlock <*> received exception java.net.NoRouteToHostException : No route to host
41,dfs.DataNode$DataXceiver : writeBlock <*> received exception java.io.IOException : Broken pipe
42,dfs.DataBlockScanner : Adding an already existing block <*>
43,dfs.DataNode$BlockReceiver : Exception in receiveBlock for block <*> java.io.IOException : Broken pipe
44,dfs.DataNode$PacketResponder : PacketResponder <*> <*> Exception java.io.IOException : The stream is closed
