EventId,EventTemplate
1,dfs.DataNode$DataXceiver : Receiving block <*> src : <*> : <*> dest : <*> : <*>
2,dfs.FSNamesystem : BLOCK* NameSystem.allocateBlock : <*> <*>
3,dfs.DataNode$PacketResponder : PacketResponder <*> for block <*> terminating
4,dfs.DataNode$PacketResponder : Received block <*> of size <*> from <*>
5,dfs.FSNamesystem : BLOCK* NameSystem.addStoredBlock : blockMap updated : <*> : <*> is added to <*> size <*>
6,dfs.DataNode$DataXceiver : Received block <*> src : <*> : <*> dest : <*> : <*> of size <*>
7,dfs.DataNode$DataTransfer : <*> : <*> : Transmitted block <*> to <*> : <*>
8,dfs.DataNode : <*> : <*> Starting thread to transfer block <*> to <*> : <*> <*> <*> <*> <*>
9,dfs.FSNamesystem : BLOCK* ask <*> : <*> to replicate <*> to datanode(s) <*> : <*> <*> <*> <*>
10,dfs.DataNode$DataXceiver : <*> : <*> Served block <*> to <*>
11,dfs.DataBlockScanner : Verification succeeded for <*>
12,dfs.DataNode$DataXceiver : writeBlock <*> received exception <*>
13,dfs.DataNode$PacketResponder : PacketResponder <*> <*> Exception <*>
14,dfs.DataNode$DataXceiver : writeBlock <*> received exception java.io.IOException : Could not read from stream
15,dfs.FSDataset : Deleting block <*> file <*>
16,dfs.DataNode$BlockReceiver : Receiving empty packet for block <*>
17,dfs.DataNode$BlockReceiver : Exception in receiveBlock for block <*> java.io.IOException : Connection reset by peer
18,dfs.DataNode$DataXceiver : writeBlock <*> received exception java.io.IOException : Connection reset by peer
19,dfs.FSNamesystem : BLOCK* NameSystem.addStoredBlock : Redundant addStoredBlock request received for <*> on <*> : <*> size <*>
20,dfs.DataNode$PacketResponder : PacketResponder <*> <*> Exception java.net.SocketTimeoutException : <*> millis timeout while waiting for channel to be ready for read. ch : java.nio.channels.SocketChannel[connected local = <*> : <*> remote = <*> : 50010]
21,dfs.DataNode$PacketResponder : PacketResponder <*> <*> Exception java.io.InterruptedIOException : Interruped while waiting for IO on channel java.nio.channels.SocketChannel[connected local = <*> : <*> remote = <*> : 50010]. <*> millis timeout left.
22,dfs.DataNode$BlockReceiver : Exception in receiveBlock for block <*> <*>
23,dfs.DataNode$PacketResponder : PacketResponder <*> for block <*> Interrupted.
24,dfs.DataNode$BlockReceiver : Changing block file offset of block <*> from <*> to <*> meta file offset to <*>
25,dfs.DataNode$BlockReceiver : <*> : <*> : Exception writing block <*> to mirror <*> : <*>
26,dfs.DataNode$BlockReceiver : Exception in receiveBlock for block <*> java.io.InterruptedIOException : Interruped while waiting for IO on channel java.nio.channels.SocketChannel[connected local = <*> : <*> remote = <*> : <*> <*> millis timeout left.
27,dfs.DataNode$DataXceiver : writeBlock <*> received exception java.io.InterruptedIOException : Interruped while waiting for IO on channel java.nio.channels.SocketChannel[connected local = <*> : <*> remote = <*> : <*> <*> millis timeout left.
28,dfs.DataNode$PacketResponder : PacketResponder <*> <*> Exception java.io.IOException : Broken pipe
29,"dfs.DataNode$DataXceiver : writeBlock <*> received exception java.io.IOException : Block <*> is valid , and cannot be written to."
30,dfs.DataNode$DataTransfer : <*> : <*> : Failed to transfer <*> to <*> : <*> got java.io.IOException : Connection reset by peer
31,dfs.FSNamesystem : BLOCK* NameSystem.delete : <*> is added to invalidSet of <*> : <*>
32,dfs.FSDataset : Unexpected error trying to delete block <*> BlockInfo not found in volumeMap.
33,dfs.FSNamesystem : BLOCK* NameSystem.addStoredBlock : addStoredBlock request received for <*> on <*> : <*> size <*> But it does not belong to any file.
34,dfs.DataNode$DataXceiver : <*> : <*> : Got exception while serving <*> to <*> :
35,dfs.DataNode$PacketResponder : PacketResponder <*> <*> Exception java.io.IOException : Connection reset by peer
36,dfs.DataNode$BlockReceiver : Exception in receiveBlock for block <*> java.net.SocketTimeoutException : <*> millis timeout while waiting for channel to be ready for write. ch : java.nio.channels.SocketChannel[connected local = <*> : <*> remote = <*> : 50010]
37,dfs.DataNode$DataXceiver : writeBlock <*> received exception java.net.SocketTimeoutException : <*> millis timeout while waiting for channel to be ready for write. ch : java.nio.channels.SocketChannel[connected local = <*> : <*> remote = <*> : 50010]
38,dfs.FSDataset : Reopen Block <*>
39,dfs.FSNamesystem : BLOCK* Removing block <*> from neededReplications as it does not belong to any file.
40,dfs.PendingReplicationBlocks$PendingReplication <*> itor : PendingReplication <*> itor timed out block <*>
41,dfs.DataNode$DataXceiver : writeBlock <*> received exception java.net.SocketTimeoutException : <*> millis timeout while waiting for channel to be ready for read. ch : java.nio.channels.SocketChannel[connected local = <*> : <*> remote = <*> : 50010]
42,dfs.DataNode$DataXceiver : writeBlock <*> received exception java.io.IOException : Interrupted receiveBlock
43,dfs.DataNode$PacketResponder : PacketResponder <*> <*> Exception java.io.InterruptedIOException : Interruped while waiting for IO on channel java.nio.channels.SocketChannel[closed]. <*> millis timeout left.
44,dfs.DataNode$DataXceiver : writeBlock <*> received exception java.net.NoRouteToHostException : No route to host
45,dfs.DataNode$DataXceiver : writeBlock <*> received exception java.io.IOException : Broken pipe
46,dfs.DataBlockScanner : Adding an already existing block <*>
47,dfs.DataNode$BlockReceiver : Exception in receiveBlock for block <*> java.io.IOException : Broken pipe
48,dfs.DataNode$PacketResponder : PacketResponder <*> <*> Exception java.io.IOException : The stream is closed
