EventId,EventTemplate,Occurrences
1,Receiving block <*> src: <*> dest: <*>,1723232
2,BLOCK* NameSystem.allocateBlock: <*> <*>,575061
3,PacketResponder <*> for block <*> <*>,1706728
4,Received block <*> of size <*> from <*>,1706514
5,BLOCK* NameSystem.addStoredBlock: blockMap updated: <*> is added to <*> size <*>,1719741
6,Received block <*> src: <*> dest: <*> of size <*>,7097
7,<*>Transmitted block <*> to <*>,6937
8,"<*> Starting thread to transfer block <*> to <*>, <*>",165
9,BLOCK* ask <*> to replicate <*> to datanode(s) <*> <*>,165
10,<*> Served block <*> to <*>,428726
11,BLOCK* ask <*> to replicate <*> to datanode(s) <*>,6837
12,<*> Starting thread to transfer block <*> to <*>,6837
13,Verification succeeded for <*>,120036
14,writeBlock <*> received exception <*>,67
15,PacketResponder <*> <*> Exception java.io.EOFException,19
16,writeBlock <*> received exception java.io.IOException: Could not read from stream,3226
17,Deleting block <*> file <*>,1402047
18,Receiving empty packet for block <*>,1464
19,Exception in receiveBlock for block <*> java.io.IOException: Connection reset by peer,75
20,writeBlock <*> received exception java.io.IOException: Connection reset by peer,75
21,BLOCK* NameSystem.addStoredBlock: Redundant addStoredBlock request received for <*> on <*> size <*>,975
22,PacketResponder <*> <*> Exception java.net.SocketTimeoutException: <*> millis timeout while waiting for channel to be ready for read. ch : java.nio.channels.SocketChannel[connected local=<*> remote=<*>],22
23,PacketResponder <*> <*> Exception java.io.InterruptedIOException: Interruped while waiting for IO on channel java.nio.channels.SocketChannel[connected local=<*> remote=<*>]. <*> millis timeout left.,33
24,Exception in receiveBlock for block <*> <*>,56
25,Changing block file offset of block <*> from <*> to <*> meta file offset to <*>,65
26,<*>Exception writing block <*> to mirror <*>,34
27,Exception in receiveBlock for block <*> java.io.InterruptedIOException: Interruped while waiting for IO on channel java.nio.channels.SocketChannel[connected local=<*> remote=<*>]. <*> millis timeout left.,16
28,writeBlock <*> received exception java.io.InterruptedIOException: Interruped while waiting for IO on channel java.nio.channels.SocketChannel[connected local=<*> remote=<*>]. <*> millis timeout left.,7
29,PacketResponder <*> <*> Exception java.io.IOException: Broken pipe,6
30,"writeBlock <*> received exception java.io.IOException: Block <*> is valid, and cannot be written to.",9
31,<*>Failed to transfer <*> to <*> got java.io.IOException: Connection reset by peer,9
32,BLOCK* NameSystem.delete: <*> is added to invalidSet of <*>,1396174
33,Unexpected error trying to delete block <*>. BlockInfo not found in volumeMap.,5545
34,BLOCK* NameSystem.addStoredBlock: addStoredBlock request received for <*> on <*> size <*> But it does not belong to any file.,1288
35,<*>Got exception while serving <*> to <*>,356207
36,PacketResponder <*> <*> Exception java.io.IOException: Connection reset by peer,11
37,Exception in receiveBlock for block <*> java.net.SocketTimeoutException: <*> millis timeout while waiting for channel to be ready for write. ch : java.nio.channels.SocketChannel[connected local=<*> remote=<*>],5
38,writeBlock <*> received exception java.net.SocketTimeoutException: <*> millis timeout while waiting for channel to be ready for <*> ch : java.nio.channels.SocketChannel[connected local=<*> remote=<*>],15
39,Reopen Block <*>,5
40,PacketResponder <*> <*> Exception java.nio.channels.ClosedByInterruptException,10
41,BLOCK* Removing block <*> from neededReplications as it does not belong to any file.,4
42,PendingReplicationMonitor timed out block <*>,47
43,writeBlock <*> received exception java.io.IOException: <*> <*>,16
44,PacketResponder <*> <*> Exception java.io.InterruptedIOException: Interruped while waiting for IO on channel java.nio.channels.SocketChannel[closed]. <*> millis timeout left.,5
45,writeBlock <*> received exception java.net.NoRouteToHostException: No route to host,1
46,Adding an already existing block <*>,10
47,Exception in receiveBlock for block <*> java.io.IOException: Broken pipe,3
48,PacketResponder <*> <*> Exception java.io.IOException: The stream is closed,2
