EventId,EventTemplate
1,CoarseGrainedExecutorBackend : Started daemon with process name : <*> @spark-slave
2,SignalUtils : Registering signal handler for TERM
3,SignalUtils : Registering signal handler for <*>
4,NativeCodeLoader : Unable to load native-hadoop library for your platform... using builtin-java classes where applicable
5,SecurityManager : Changing view acls to : root
6,SecurityManager : Changing modify acls to : root
7,SecurityManager : Changing view acls groups to :
8,SecurityManager : Changing modify acls groups to :
9,SecurityManager : SecurityManager : authentication disabled ; ui acls disabled ; users with view permissions : Set(root) ; groups with view permissions : Set() ; users with modify permissions : Set(root) ; groups with modify permissions : Set()
10,TransportClientFactory : Successfully created connection to <*> <*> : <*> after <*> ms <*> ms spent in bootstraps)
11,DiskBlockManager : Created local directory at <*>
12,MemoryStore : MemoryStore started with capacity <*> MiB
13,WorkerWatcher : Connecting to worker spark : <*>
14,CoarseGrainedExecutorBackend : Connecting to driver : spark : <*>
15,ResourceUtils : = = = = = = = = = = = = = = = = = = = = = = = = = = = = = = = = = = = = = = = = = = = = = = = = = = = = = = = = = <*> <*> <*> <*> <*>
16,ResourceUtils : No custom resources configured for spark.executor.
17,WorkerWatcher : Successfully connected to spark : <*>
18,CoarseGrainedExecutorBackend : Successfully registered with driver
19,Executor : Starting executor ID <*> on host <*>
20,Utils : Successfully started service <*> on port <*> .
21,NettyBlockTransferService : Server created on <*> : <*>
22,BlockManager : Using org.apache.spark.storage.RandomBlockReplicationPolicy for block replication policy
23,"BlockManagerMaster : Registering BlockManager <*> , <*> <*> , None)"
24,"BlockManagerMaster : Registered BlockManager <*> , <*> <*> , None)"
25,"BlockManager : Initialized BlockManager : <*> , <*> <*> , None)"
26,Executor : Fetching spark : <*>
27,Utils : Fetching spark : <*>
28,Utils : Copying <*> to /home/spark <*> .1-bin-hadoop <*> <*> <*> <*>
29,Executor : Adding file : <*> to class loader
30,TorrentBroadcast : Started reading broadcast variable <*> with <*> pieces (estimated total size <*> MiB)
31,"MemoryStore : Block broadcast <*> piece0 stored as bytes in memory (estimated size <*> <*> , free <*> MiB)"
32,TorrentBroadcast : Reading broadcast variable <*> took <*> ms
33,"MemoryStore : Block broadcast <*> stored as values in memory (estimated size <*> <*> , free <*> MiB)"
34,HadoopRDD : Input split : hdfs : <*>
35,MapOutputTrackerWorker : Updating epoch to <*> and clearing cache
36,"MapOutputTrackerWorker : Don't have map outputs for shuffle <*> , fetching them"
37,MapOutputTrackerWorker : Doing the fetch ; tracker endpoint = NettyRpcEndpointRef(spark : <*>
38,MapOutputTrackerWorker : Got the map output locations
39,ShuffleBlockFetcherIterator : Getting <*> ( <*> <*> non-empty blocks including <*> ( <*> <*> local and <*> ( <*> B) host-local and <*> ( <*> B) push-merged-local and <*> ( <*> B) remote blocks
40,ShuffleBlockFetcherIterator : Started <*> remote fetches in <*> ms
41,"MemoryStore : Block broadcast <*> stored as values in memory (estimated size <*> MiB , free <*> MiB)"
42,"MemoryStore : Block rdd <*> <*> stored as values in memory (estimated size <*> MiB , free <*> MiB)"
43,BlockManager : Found block rdd <*> <*> locally
44,CodeGenerator : Code generated in <*> <*> ms
45,FileOutputCommitter : File Output Committer Algorithm version is <*>
46,"FileOutputCommitter : FileOutputCommitter skip cleanup _temporary folders under output directory : false , ignore cleanup failures : false"
47,SQLHadoopMapReduceCommitProtocol : Using user defined output committer class org.apache.parquet.hadoop.ParquetOutputCommitter
48,SQLHadoopMapReduceCommitProtocol : Using output committer class org.apache.parquet.hadoop.ParquetOutputCommitter
49,CodecConfig : Compression : SNAPPY
50,ParquetOutputFormat : Parquet block size to <*>
51,ParquetOutputFormat : Validation is off
52,ParquetOutputFormat : Maximum row group padding size is <*> bytes
53,ParquetOutputFormat : Parquet properties are :
54,ParquetWriteSupport : Initialized Parquet WriteSupport with Catalyst schema :
55,CodecPool : Got brand-new <*> <*>
56,FileOutputCommitter : Saved output of task <*> to hdfs : <*>
57,SparkHadoopMapRedUtil : attempt <*> <*> <*> <*> : Committed
58,HadoopMapRedCommitProtocol : Using output committer class org.apache.hadoop.mapred.FileOutputCommitter
59,CoarseGrainedExecutorBackend : RECEIVED SIGNAL TERM
60,BLAS : Failed to load implementation from : <*>
61,Executor : <*> block locks were not released by task <*> in stage <*> (TID <*> )
62,<*> : Failed to load implementation from : <*>
63,"MemoryStore : Block rdd <*> <*> stored as values in memory (estimated size <*> <*> , free <*> MiB)"
64,NewHadoopRDD : Input split : hdfs : <*>
65,BlockManager : BlockManager stoppe
66,"MemoryStore : Block taskresult <*> stored as bytes in memory (estimated size <*> MiB , free <*> MiB)"
67,Executor : Finished task <*> in stage <*> (TID <*> ). <*> bytes result sent via BlockManager)
68,FileScanRDD : Reading File path : hdfs : <*>
69,InternalParquetRecordReader : RecordReader initialized will read a total of <*> records.
70,InternalParquetRecordReader : at row <*> . reading next block
71,InternalParquetRecordReader : block read in memory in <*> ms. row count = <*>
72,"MemoryStore : Block broadcast <*> piece0 stored as bytes in memory (estimated size <*> MiB , free <*> MiB)"
73,CoarseGrainedExecutorBackend : Driver from spark-master : <*>
74,LAPACK : Failed to load implementation from : <*>
75,"BlockManager : Asked to remove block broadcast <*> piece0 , which does not exist"
76,ShutdownHookManager : Deleting directory <*>
77,CoarseGrainedExecutorBackend : <*>
78,"DFSClient : No live nodes contain block <*> after checking nodes = <*> , ignoredNodes = null"
79,DFSClient : No node available for <*> file = <*>
80,DFSClient : Could not obtain <*> from any node : No live nodes contain current block Block locations : Dead nodes : . Will get new block locations from namenode and retry...
81,"DFSClient : DFS chooseDataNode : got # <*> IOException , will wait for <*> <*> msec."
82,DFSClient : Could not obtain block : <*> file = <*> No live nodes contain current block Block locations : Dead nodes : . Throwing a BlockMissingException
83,DFSClient : DFS Read
84,Executor : Exception in task <*> in stage <*> (TID <*> )
85,"Executor : Executor is trying to kill task <*> in stage <*> (TID <*> ) , reason : Stage cancelled"
86,Executor : Issue communicating with driver in heartbeater
87,TransportResponseHandler : Ignoring response for RPC <*> from spark-master <*> : <*> (81 bytes) since it is not outstanding
88,BlockReaderFactory : I <*> error constructing remote block reader.
89,"DFSClient : Failed to connect to <*> : <*> for file <*> for block <*> , add to deadNodes and continue."
90,DFSClient : Could not obtain <*> from any node : No live nodes contain current block Block locations : DatanodeInfoWithStorage <*> . Will get new block locations from namenode and retry...
91,TransportChannelHandler : Exception in connection from spark-master <*> : <*>
92,CoarseGrainedExecutorBackend : Executor self-exiting due to : Unable to create executor due to No space left on device
93,Client : Retrying connect to server : spark-master <*> : 9000. Already tried <*> time(s) ; maxRetries = <*>
94,BlockManager : Putting block rdd <*> <*> failed due to exception org.apache.hadoop.hdfs.BlockMissingException : Could not obtain block : <*> file = <*>
95,BlockManager : Block rdd <*> <*> could not be removed as it was not found on disk or in memory
96,BlockManager : Putting block rdd <*> <*> failed due to exception org.apache.spark.TaskKilledException.
97,"Executor : Executor killed task <*> in stage <*> (TID <*> ) , reason : Stage cancelled"
98,CoarseGrainedExecutorBackend : RECEIVED SIGNAL T
99,CoarseGrainedExecutorBackend : Executor self-exiting due to : Cannot reg
100,CoarseGrainedExecutorBackend : Driver from spark-master : <*> disconnected during shutdown
101,Executor : Executor is trying to kill task <*> in stage <*>
102,DFSClient : Successfully connected to <*> : <*> for <*>
103,CoarseGrainedExecutorBackend : Started daemon with process
104,ShutdownHookManager : Shutdown hook
105,TransportResponseHandler : Still have <*> requests outstanding when connection from spark-master <*> : <*> is closed
106,MapOutputTrackerWorker : Error communicating with MapOutputTracker
107,Executor : Exception in task <*> in stage <*> (TID <*> ) : Error communicating with MapOutputTracker
108,"DataStreamer : Slow waitForAckedSeqno took <*> ms (threshold = 30000ms). File being written : <*> block : <*> , Write pipeline datanodes : <*> ."
109,CoarseGrainedExecutorBackend : Executor self-exiting due to : Cannot register with driver : spark : <*>
110,CoarseGrainedExecutorBackend : RECEIVED SI
111,"Executor : Executor is trying to kill task <*> in stage <*> (TID <*> ) , reason : Stage canc"
112,DataStreamer : Exception in createBlockOutputStream blk <*> <*>
113,DataStreamer : Abandoning <*>
114,DataStreamer : Excluding datanode DatanodeInfoWithStorage <*>
115,DataStreamer : DataStreamer Exception
116,Utils : Aborting task
117,SparkHadoopWriter : Task attempt <*> 0003_m <*> <*> aborted.
118,Executor : Executor is trying to kill task <*> in
119,Executor :
120,CoarseGr
121,CoarseGraine
122,ShutdownHookManager : Delet
123,Coa
124,Coars
125,Coar
126,HadoopMapRedCommitProtocol : Using output committ
127,Executor : Finished task <*> in stage <*> (TID <*> )
128,DataStreamer : Exception for <*>
129,MemoryStore : Block broadcast <*> stored as values in memory
130,CoarseGrainedExecut
131,CoarseGrainedExecutorB
132,ShutdownHookMana
133,DiskBlockManager : Shutdown hook called
134,CoarseGrainedExecutorBack
135,CoarseGrained
136,CoarseGrai
137,"MemoryStore : Block taskresult <*> stored as bytes in memory (estimated size <*> MiB , fre"
138,Utils : Exception encountered
139,SecurityManager : Changing modify acls to : roo
140,"DataStreamer : Slow ReadProcessor read fields for block <*> took <*> ms (threshold = 30000ms) ; ack : seqno : <*> reply : SUCCESS downstreamAckTimeNanos : <*> flag : <*> , targets : <*>"
141,SparkHadoopMapRedUtil : attempt <*> 0003_m <*> <*> : Not committed because the driver did not authorize commit
142,FileOutputCommitter : Could not delete hdfs : <*>
143,"BlockManager : Putting block rdd <*> <*> failed due to exception java.io.InterruptedIOException : DestHost : destPort spark-master : <*> , LocalHost : localPort spark-slave <*> : 0. Failed on local exception : java.io.InterruptedIOException : Interrup"
144,CoarseGrainedExecutorBackend : Executor self-exiting due to : Driver spark-master : <*> disassociated! Shutting down.
145,"Executor : Exception in task <*> in stage <*> (TID <*> ) : DestHost : destPort spark-master : <*> , LocalHost : localPort spark-slave <*> : 0. Failed on local exception : java.io.InterruptedIOException : Interrupted while waiting for IO on channel java.nio.channels.SocketChannel <*> . Total timeout mills is <*> , <*> millis timeout left."
146,"Executor : Executor is trying to kill task <*> in stage <*> (TID <*> ) , reason : Stage ca"
