EventId,EventTemplate
1,CoarseGrainedExecutorBackend : Started daemon with process name : <*> @spark-slave
2,SignalUtils : Registering signal handler for TERM
3,SignalUtils : Registering signal handler for <*>
4,NativeCodeLoader : Unable to load native-hadoop library for your platform... using builtin-java classes where applicable
5,SecurityManager : Changing view acls to : root
6,SecurityManager : Changing modify acls to : root
7,SecurityManager : Changing view acls groups to :
8,SecurityManager : Changing modify acls groups to :
9,SecurityManager : SecurityManager : authentication disabled ; ui acls disabled ; users with view permissions : Set(root) ; groups with view permissions : Set() ; users with modify permissions : Set(root) ; groups with modify permissions : Set()
10,TransportClientFactory : Successfully created connection to <*> <*> : <*> after <*> ms <*> ms spent in bootstraps)
11,DiskBlockManager : Created local directory at <*>
12,MemoryStore : MemoryStore started with capacity <*> MiB
13,WorkerWatcher : Connecting to worker spark : <*>
14,CoarseGrainedExecutorBackend : Connecting to driver : spark : <*>
15,ResourceUtils : = = = = = = = = = = = = = = = = = = = = = = = = = = = = = = = = = = = = = = = = = = = = = = = = = = = = = = = = = <*> <*> <*> <*> <*>
16,ResourceUtils : No custom resources configured for spark.executor.
17,WorkerWatcher : Successfully connected to spark : <*>
18,CoarseGrainedExecutorBackend : Successfully registered with driver
19,Executor : Starting executor ID <*> on host <*>
20,Utils : Successfully started service <*> on port <*> .
21,NettyBlockTransferService : Server created on <*> : <*>
22,BlockManager : Using org.apache.spark.storage.RandomBlockReplicationPolicy for block replication policy
23,"BlockManagerMaster : Registering BlockManager <*> , <*> <*> , None)"
24,"BlockManagerMaster : Registered BlockManager <*> , <*> <*> , None)"
25,"BlockManager : Initialized BlockManager : <*> , <*> <*> , None)"
26,Executor : Fetching spark : <*>
27,Utils : Fetching spark : <*>
28,Utils : Copying <*> to /home/spark <*> .1-bin-hadoop <*> <*> <*> <*>
29,Executor : Adding file : <*> to class loader
30,CoarseGrainedExecutorBackend : Got assigned task <*>
31,Executor : Running task <*> in stage <*> (TID <*> )
32,TorrentBroadcast : Started reading broadcast variable <*> with <*> pieces (estimated total size <*> MiB)
33,"MemoryStore : Block broadcast <*> piece0 stored as bytes in memory (estimated size <*> <*> , free <*> MiB)"
34,TorrentBroadcast : Reading broadcast variable <*> took <*> ms
35,"MemoryStore : Block broadcast <*> stored as values in memory (estimated size <*> <*> , free <*> MiB)"
36,HadoopRDD : Input split : hdfs : <*>
37,Executor : Finished task <*> in stage <*> (TID <*> ). <*> bytes result sent to driver
38,MapOutputTrackerWorker : Updating epoch to <*> and clearing cache
39,"MapOutputTrackerWorker : Don't have map outputs for shuffle <*> , fetching them"
40,MapOutputTrackerWorker : Doing the fetch ; tracker endpoint = NettyRpcEndpointRef(spark : <*>
41,MapOutputTrackerWorker : Got the map output locations
42,ShuffleBlockFetcherIterator : Getting <*> ( <*> <*> non-empty blocks including <*> ( <*> <*> local and <*> ( <*> B) host-local and <*> ( <*> B) push-merged-local and <*> ( <*> B) remote blocks
43,ShuffleBlockFetcherIterator : Started <*> remote fetches in <*> ms
44,"MemoryStore : Block broadcast <*> stored as values in memory (estimated size <*> MiB , free <*> MiB)"
45,"MemoryStore : Block rdd <*> <*> stored as values in memory (estimated size <*> MiB , free <*> MiB)"
46,BlockManager : Found block rdd <*> <*> locally
47,CodeGenerator : Code generated in <*> <*> ms
48,FileOutputCommitter : File Output Committer Algorithm version is <*>
49,"FileOutputCommitter : FileOutputCommitter skip cleanup _temporary folders under output directory : false , ignore cleanup failures : false"
50,SQLHadoopMapReduceCommitProtocol : Using user defined output committer class org.apache.parquet.hadoop.ParquetOutputCommitter
51,SQLHadoopMapReduceCommitProtocol : Using output committer class org.apache.parquet.hadoop.ParquetOutputCommitter
52,CodecConfig : Compression : SNAPPY
53,ParquetOutputFormat : Parquet block size to <*>
54,ParquetOutputFormat : Validation is off
55,ParquetOutputFormat : Maximum row group padding size is <*> bytes
56,ParquetOutputFormat : Parquet properties are :
57,ParquetWriteSupport : Initialized Parquet WriteSupport with Catalyst schema :
58,CodecPool : Got brand-new <*> <*>
59,FileOutputCommitter : Saved output of task <*> to hdfs : <*>
60,SparkHadoopMapRedUtil : attempt <*> <*> <*> <*> : Committed
61,CoarseGrainedExecutorBackend : Driver commanded a shutdown
62,MemoryStore : MemoryStore cleared
63,HadoopMapRedCommitProtocol : Using output committer class org.apache.hadoop.mapred.FileOutputCommitter
64,CoarseGrainedExecutorBackend : RECEIVED SIGNAL TERM
65,BLAS : Failed to load implementation from : <*>
66,Executor : <*> block locks were not released by task <*> in stage <*> (TID <*> )
67,<*> : Failed to load implementation from : <*>
68,"MemoryStore : Block rdd <*> <*> stored as values in memory (estimated size <*> <*> , free <*> MiB)"
69,"BlockManager : Asked to remove block <*> , which does not exist"
70,BlockManager : Removing RDD <*>
71,NewHadoopRDD : Input split : hdfs : <*>
72,BlockManager : BlockManager stoppe
73,"MemoryStore : Block taskresult <*> stored as bytes in memory (estimated size <*> MiB , free <*> MiB)"
74,Executor : Finished task <*> in stage <*> (TID <*> ). <*> bytes result sent via BlockManager)
75,FileScanRDD : Reading File path : hdfs : <*>
76,InternalParquetRecordReader : RecordReader initialized will read a total of <*> records.
77,InternalParquetRecordReader : at row <*> . reading next block
78,InternalParquetRecordReader : block read in memory in <*> ms. row count = <*>
79,"MemoryStore : Block broadcast <*> piece0 stored as bytes in memory (estimated size <*> MiB , free <*> MiB)"
80,Bl
81,CoarseGrainedExecutorBackend : Driver from spark-master : <*>
82,LAPACK : Failed to load implementation from : <*>
83,BlockManager : BlockManager stopped
84,"BlockManager : Asked to remove block broadcast <*> piece0 , which does not exist"
85,ShutdownHookManager : Shutdown hook called
86,ShutdownHookManager : Deleting directory <*>
87,CoarseGrainedExecutorBackend : <*>
88,"DFSClient : No live nodes contain block <*> after checking nodes = <*> , ignoredNodes = null"
89,DFSClient : No node available for <*> file = <*>
90,DFSClient : Could not obtain <*> from any node : No live nodes contain current block Block locations : Dead nodes : . Will get new block locations from namenode and retry...
91,"DFSClient : DFS chooseDataNode : got # <*> IOException , will wait for <*> <*> msec."
92,DFSClient : Could not obtain block : <*> file = <*> No live nodes contain current block Block locations : Dead nodes : . Throwing a BlockMissingException
93,DFSClient : DFS Read
94,Executor : Exception in task <*> in stage <*> (TID <*> )
95,"Executor : Executor is trying to kill task <*> in stage <*> (TID <*> ) , reason : Stage cancelled"
96,Executor : Issue communicating with driver in heartbeater
97,TransportResponseHandler : Ignoring response for RPC <*> from spark-master <*> : <*> (81 bytes) since it is not outstanding
98,BlockReaderFactory : I <*> error constructing remote block reader.
99,"DFSClient : Failed to connect to <*> : <*> for file <*> for block <*> , add to deadNodes and continue."
100,DFSClient : Could not obtain <*> from any node : No live nodes contain current block Block locations : DatanodeInfoWithStorage <*> . Will get new block locations from namenode and retry...
101,TransportChannelHandler : Exception in connection from spark-master <*> : <*>
102,CoarseGrainedExecutorBackend : Executor self-exiting due to : Unable to create executor due to No space left on device
103,Client : Retrying connect to server : spark-master <*> : 9000. Already tried <*> time(s) ; maxRetries = <*>
104,BlockManager : Putting block rdd <*> <*> failed due to exception org.apache.hadoop.hdfs.BlockMissingException : Could not obtain block : <*> file = <*>
105,BlockManager : Block rdd <*> <*> could not be removed as it was not found on disk or in memory
106,BlockManager : Putting block rdd <*> <*> failed due to exception org.apache.spark.TaskKilledException.
107,"Executor : Executor killed task <*> in stage <*> (TID <*> ) , reason : Stage cancelled"
108,CoarseGrainedExecutorBackend : RECEIVED SIGNAL T
109,CoarseGrainedExecutorBackend : Executor self-exiting due to : Cannot reg
110,CoarseGrainedExecutorBackend : Driver from spark-master : <*> disconnected during shutdown
111,Executor : Executor is trying to kill task <*> in stage <*>
112,DFSClient : Successfully connected to <*> : <*> for <*>
113,CoarseGrainedExecutorBackend : Started daemon with process
114,ShutdownHookManager : Shutdown hook
115,TransportResponseHandler : Still have <*> requests outstanding when connection from spark-master <*> : <*> is closed
116,MapOutputTrackerWorker : Error communicating with MapOutputTracker
117,Executor : Exception in task <*> in stage <*> (TID <*> ) : Error communicating with MapOutputTracker
118,"DataStreamer : Slow waitForAckedSeqno took <*> ms (threshold = 30000ms). File being written : <*> block : <*> , Write pipeline datanodes : <*> ."
119,CoarseGrainedExecutorBackend : Executor self-exiting due to : Cannot register with driver : spark : <*>
120,CoarseGrainedExecutorBackend : RECEIVED SI
121,"Executor : Executor is trying to kill task <*> in stage <*> (TID <*> ) , reason : Stage canc"
122,DataStreamer : Exception in createBlockOutputStream blk <*> <*>
123,DataStreamer : Abandoning <*>
124,DataStreamer : Excluding datanode DatanodeInfoWithStorage <*>
125,DataStreamer : DataStreamer Exception
126,Utils : Aborting task
127,SparkHadoopWriter : Task attempt <*> 0003_m <*> <*> aborted.
128,Executor : Executor is trying to kill task <*> in
129,Executor :
130,CoarseGr
131,CoarseGraine
132,ShutdownHookManager : Delet
133,Coa
134,Coars
135,Coar
136,HadoopMapRedCommitProtocol : Using output committ
137,Executor : Finished task <*> in stage <*> (TID <*> )
138,DataStreamer : Exception for <*>
139,MemoryStore : Block broadcast <*> stored as values in memory
140,CoarseGrainedExecut
141,CoarseGrainedExecutorB
142,ShutdownHookMana
143,DiskBlockManager : Shutdown hook called
144,CoarseGrainedExecutorBack
145,CoarseGrained
146,CoarseGrai
147,"MemoryStore : Block taskresult <*> stored as bytes in memory (estimated size <*> MiB , fre"
148,Utils : Exception encountered
149,SecurityManager : Changing modify acls to : roo
150,"DataStreamer : Slow ReadProcessor read fields for block <*> took <*> ms (threshold = 30000ms) ; ack : seqno : <*> reply : SUCCESS downstreamAckTimeNanos : <*> flag : <*> , targets : <*>"
151,SparkHadoopMapRedUtil : attempt <*> 0003_m <*> <*> : Not committed because the driver did not authorize commit
152,FileOutputCommitter : Could not delete hdfs : <*>
153,"BlockManager : Putting block rdd <*> <*> failed due to exception java.io.InterruptedIOException : DestHost : destPort spark-master : <*> , LocalHost : localPort spark-slave <*> : 0. Failed on local exception : java.io.InterruptedIOException : Interrup"
154,CoarseGrainedExecutorBackend : Executor self-exiting due to : Driver spark-master : <*> disassociated! Shutting down.
155,"Executor : Exception in task <*> in stage <*> (TID <*> ) : DestHost : destPort spark-master : <*> , LocalHost : localPort spark-slave <*> : 0. Failed on local exception : java.io.InterruptedIOException : Interrupted while waiting for IO on channel java.nio.channels.SocketChannel <*> . Total timeout mills is <*> , <*> millis timeout left."
156,"Executor : Executor is trying to kill task <*> in stage <*> (TID <*> ) , reason : Stage ca"
