EventId,EventTemplate,Count
1,CoarseGrainedExecutorBackend: Started daemon with process name: <*>,23572
2,SignalUtils: Registering signal handler for TERM,23588
3,SignalUtils: Registering signal handler for HUP,23587
4,SignalUtils: Registering signal handler for INT,23591
5,NativeCodeLoader: Unable to load native-hadoop library for your platform... using builtin-java classes where applicable,23460
6,SecurityManager: Changing view acls to: root,46671
7,SecurityManager: Changing modify acls to: root,46668
8,SecurityManager: Changing view acls groups to:,46720
9,SecurityManager: Changing modify acls groups to:,46731
10,SecurityManager: SecurityManager: authentication disabled; ui acls disabled; users with view permissions: Set(root); groups with view permissions: Set(); users with modify permissions: Set(root); groups with modify permissions: Set(),46733
11,TransportClientFactory: Successfully created connection to <*> after <*> ms (<*> ms spent in bootstraps),114513
12,DiskBlockManager: Created local directory at <*>,23257
13,MemoryStore: MemoryStore started with capacity <*>,23254
14,WorkerWatcher: Connecting to worker spark://<*>,23243
15,CoarseGrainedExecutorBackend: Connecting to driver: spark://<*>arse<*>ained<*>spark<*>,22326
16,ResourceUtils: =============================================================<*>,46483
17,ResourceUtils: No custom resources configured for spark.executor.,23242
18,WorkerWatcher: Successfully connected to spark://<*>,23208
19,CoarseGrainedExecutorBackend: Successfully registered with driver,23232
20,Executor: Starting executor ID <*> on host <*>,23233
21,Utils: Successfully started service 'org.<*>sp<*>net<*>NettyBlockTransferService' on port <*>.,15141
22,NettyBlockTransferService: Server created on <*>,23224
23,BlockManager: Using org.<*>spark.<*>.RandomBlockReplicationPolicy for block replication policy,23224
24,"BlockManagerMaster: Registering BlockManager BlockManagerId(<*>, <*>, None)",7980
25,"BlockManagerMaster: Registered BlockManager BlockManagerId(<*>, <*>, None)",6301
26,"BlockManager: Initialized BlockManager: BlockManagerId(<*>, <*>, <*>, None)",19614
27,Executor: Fetching spark://spark<*>ark<*> with <*>,13909
28,Utils: Fetching spark://spark<*> to <*>spark<*>f<*>,1850
29,Utils: Copying <*>sp<*> to <*>spark<*>sp<*>,9815
30,Executor: Adding file<*>spark<*> to class loader,21608
31,Executor: Fetching spark://spark<*>jar with <*>,524
32,Utils: Fetching spark://spark<*> to <*>sp<*>spark<*>f<*>,3089
33,Utils: Copying <*>sp<*>sp<*> to <*>spark<*>,72
34,Executor: Adding file<*>jar to class loader,667
35,CoarseGrainedExecutorBackend: Got assigned task <*>,2499675
36,Executor: Running task <*> in stage <*> (TID <*>),2511107
37,TorrentBroadcast: Started reading broadcast variable <*> with <*> pieces (estimated total size <*>),548566
38,"MemoryStore: Block <*> stored as bytes in memory (estimated size <*>, free <*>)",548538
39,TorrentBroadcast: Reading broadcast variable <*> took <*> ms,548125
40,"MemoryStore: Block <*> stored as values in memory (estimated size <*>, free <*>)",1056580
41,Hadoop<*>: Input split: hdfs://<*>,232586
42,Executor: Finished task <*> in stage <*> (TID <*>). <*> bytes result sent to driver,2502360
43,MapOutputTrackerWorker: Updating epoch to <*> and clearing cache,171514
44,"MapOutputTrackerWorker: Don't have map outputs for shuffle <*>, fetching them",178965
45,MapOutputTrackerWorker: Doing the fetch; tracker endpoint = Net<*>point<*>(spark://MapOutput<*>spark<*>),179587
46,MapOutputTrackerWorker: Got the map output locations,179690
47,ShuffleBlockFetcher<*>: Getting 8 (<*>) non-empty blocks including <*> (<*>) local and <*>) <*>-<*> and <*>) <*>-<*>ged<*> and <*>) remote blocks,24915
48,ShuffleBlockFetcherIterator: Started <*> remote fetches in <*> ms,46540
49,ShuffleBlockFetcherIterator: Started 0 remote fetches in <*> ms,745392
50,BlockManager: Found block <*> locally,1821822
51,CodeGenerator: Code generated in <*>,26729
52,CodeGenerator: Code generated in <*> ms,25832
53,ShuffleBlockFetcher<*>: Getting 8 (<*>) non-empty blocks including <*> (<*>) local and <*> (<*>) <*>-local and <*>) <*>-<*>ged-<*> and <*>) remote blocks,187152
54,FileOutputCommitter: File Output Committer Algorithm version is <*>,106538
55,"FileOutputCommitter: FileOutputCommitter skip cleanup <*>tem<*> folders under output directory:<*>, ignore cleanup failures: <*>",106542
56,SQLHadoopMapReduceCommitProtocol: Using user defined output committer class org.<*>adoop<*>ParquetOutputCommitter,6380
57,SQLHadoopMapReduceCommitProtocol: Using output committer class <*>.<*>hadoop<*>ParquetOutputCommitter,6380
58,CodecConfig: Compression: SNAPPY,12760
59,ParquetOutputFormat: Parquet block size to <*>,6380
60,ParquetOutputFormat: Validation is off,6380
61,ParquetOutputFormat: Maximum row group padding size is <*> bytes,6380
62,ParquetOutputFormat: Parquet properties are:,6380
63,ParquetWriteSupport: Initialized Parquet WriteSupport with Catalyst schema:,6380
64,CodecPool: Got brand-new compressor [.snappy],1431
65,FileOutputCommitter: Saved output of task '<*>' to hdfs://<*>,93932
66,SparkHadoopMap<*>Util: <*>: Committed,82549
67,CoarseGrainedExecutorBackend: Driver commanded a shutdown,22164
68,MemoryStore: MemoryStore cleared,4746
69,"BlockManagerMaster: Registering BlockManager BlockManagerId(<*>, None)",3492
70,"BlockManagerMaster: Registered BlockManager BlockManagerId(<*>, None)",2463
71,"BlockManager: Initialized BlockManager: BlockManagerId(<*>, <*>, None)",1710
72,HadoopMapRedCommitProtocol: Using output committer class <*>.<*>hadoop<*>red.FileOutputCommitter,82009
73,CoarseGrainedExecutorBackend: RECEIVED SIGNAL TERM,18637
74,"BlockManagerMaster: Registering BlockManager BlockManagerId(<*>, <*>, <*>, None)",11228
75,"BlockManagerMaster: Registered BlockManager BlockManagerId(<*>, <*>, <*>, None)",14420
76,Utils: Fetching spark://spark<*>sp<*> to <*>spark<*>f<*>,913
77,Utils: Successfully started service 'org.<*>net<*>NettyBlockTransferService' on port <*>.,7520
78,"BlockManager: Initialized BlockManager: BlockManagerId(<*>, <*>, <*>, <*>)",988
79,Utils: Fetching spark://spark<*>sp<*> to <*>sp<*>sp<*>fetch<*>,54
80,Utils: Fetching spark://spark<*>sp<*> to <*>spark<*>fetch<*>,102
81,Utils: Copying <*>sp<*> to <*>spark<*>,10249
82,Utils: Fetching spark://spark<*> to <*>f<*>,194
83,Utils: Copying <*> to <*>spark<*>,285
84,Utils: Fetching spark://spark<*> to <*>sp<*>f<*>,923
85,BLAS: Failed to load implementation from: com<*>net<*>BLAS,5807
86,"BlockManager: Initialized BlockManager: BlockManagerId(<*>, None)",408
87,CoarseGrainedExecutorBackend: Got assigned task 302,3529
88,CoarseGrainedExecutorBackend: Got assigned task 360,3529
89,CoarseGrainedExecutorBackend: Got assigned task 365,2901
90,ShuffleBlockFetcher<*>: Getting <*> (<*>) non-empty blocks including <*> (<*>) local and <*> (<*>) <*>-local and <*>) <*>-merged-<*> and <*>) remote blocks,8633
91,Executor: 1 block locks were not released by task <*> in stage <*> (TID <*>),32784
92,CoarseGrainedExecutorBackend: Got assigned task 404,1474
93,ShuffleBlockFetcher<*>: Getting 8 (<*>) non-empty blocks including <*> (<*>) local and <*>) <*>-<*> and <*>) <*>-<*>ged-<*> and <*>) remote blocks,8093
94,ShuffleBlockFetcher<*>: Getting 8 (<*>) non-empty blocks including <*> (<*>) local and <*>) <*>-local and <*>) <*>-<*>ged-<*> and <*>) remote blocks,22587
95,ShuffleBlockFetcher<*>: Getting <*> (<*>) non-empty blocks including <*> (<*>) local and <*> (<*>) <*>-<*> and <*>) <*>-<*>ged-<*> and <*>) remote blocks,890
96,ShuffleBlockFetcher<*>: Getting <*> (<*>) non-empty blocks including <*> (<*>) local and <*> (<*>) <*>-<*> and <*>) <*>-<*>ged<*> and <*>) remote blocks,3614
97,ShuffleBlockFetcher<*>: Getting <*> (<*>) non-empty blocks including <*> (<*>) local and <*> (<*>) <*>-local and <*> (<*>) <*>-merged-<*> and <*>) remote blocks,1839
98,ShuffleBlockFetcher<*>: Getting <*> (<*>) non-empty blocks including <*> (<*>) local and <*> (<*>) <*>-local and <*>) <*>-<*>ged-<*> and <*>) remote blocks,3218
99,ShuffleBlockFetcher<*>: Getting <*> (<*>) non-empty blocks including <*> (<*>) local and <*> (<*>) <*>-local and <*> (<*>) <*>-<*>ged-<*> and <*>) remote blocks,1552
100,ShuffleBlockFetcher<*>: Getting 8 (<*>) non-empty blocks including <*> (<*>) local and <*>) <*>-local and <*>) <*>-<*>ged<*> and <*>) remote blocks,799
101,InstanceBuilder$<*>BLAS: Failed to load implementation from:dev<*>ud<*>net<*>blas<*>BLAS,5667
102,InstanceBuilder$<*>BLAS: Failed to load implementation from:dev<*>ud<*>net<*>blas<*>Link<*>BLAS,5667
103,ShuffleBlockFetcher<*>: Getting 8 (<*>) non-empty blocks including <*> (<*>) local and <*> (<*>) <*>-<*> and <*>) <*>-<*>ged-<*> and <*>) remote blocks,4667
104,ShuffleBlockFetcher<*>: Getting 8 (<*>) non-empty blocks including <*> (<*>) local and <*> (<*>) <*>-<*> and <*>) <*>-<*>ged<*> and <*>) remote blocks,6653
105,ShuffleBlockFetcher<*>: Getting 8 (<*>) non-empty blocks including <*> (<*>) local and <*> (<*>) <*>-local and <*>) <*>-merged-<*> and <*>) remote blocks,12162
106,ShuffleBlockFetcher<*>: Getting 8 (<*>) non-empty blocks including <*> (<*>) local and <*>) <*>-<*> and <*>) <*>-merged<*> and <*>) remote blocks,37
107,ShuffleBlockFetcher<*>: Getting 4 (<*>) non-empty blocks including <*> (<*>) local and <*> (<*>) <*>-local and <*>) <*>-<*>ged-<*> and <*>) remote blocks,91670
108,"BlockManager: Asked to remove block <*>, which does not exist",3567
109,ShuffleBlockFetcher<*>: Getting 4 (<*>) non-empty blocks including <*> (<*>) local and <*> (<*>) <*>-local and <*>) <*>-merged-<*> and <*>) remote blocks,42952
110,ShuffleBlockFetcher<*>: Getting 4 (<*>) non-empty blocks including <*> (<*>) local and <*> (<*>) <*>-local and 0 (<*>) <*>-<*>ged-<*> and <*>) remote blocks,13855
111,ShuffleBlockFetcher<*>: Getting 4 (<*>) non-empty blocks including <*>) local and <*>) <*>-<*> and <*>) <*>-<*>ged<*> and <*>) remote blocks,4429
112,MapOutputTrackerWorker: Updating epoch to 32 and clearing cache,1468
113,MapOutputTrackerWorker: Updating epoch to 64 and clearing cache,728
114,"MapOutputTrackerWorker: Don't have map outputs for shuffle 64, fetching them",728
115,ShuffleBlockFetcher<*>: Getting <*> (<*>) non-empty blocks including <*> (<*>) local and <*> (<*>) <*>-local and <*> (<*>) <*>-<*>ged-<*> and <*> (<*>) remote blocks,2184
116,Utils: Fetching spark://spark<*>sp<*> to <*>spark<*>spark<*>fetch<*>,342
117,ShuffleBlockFetcher<*>: Getting 5 (<*>) non-empty blocks including <*> (<*>) local and <*>) <*>-<*> and <*>) <*>-<*>ged<*> and <*>) remote blocks,4139
118,ShuffleBlockFetcher<*>: Getting 5 (<*>) non-empty blocks including <*>) local and <*>) <*>-<*> and <*>) <*>-<*>ged<*> and <*>) remote blocks,2381
119,ShuffleBlockFetcher<*>: Getting 3 (<*>) non-empty blocks including <*> (<*>) local and <*>) <*>-local and <*>) <*>-merged-<*> and <*>) remote blocks,5545
120,ShuffleBlockFetcher<*>: Getting <*> (<*>) non-empty blocks including <*>) local and <*>) <*>-<*> and <*>) <*>-<*>ged<*> and <*>) remote blocks,11039
121,ShuffleBlockFetcher<*>: Getting 5 (<*>) non-empty blocks including <*> (<*>) local and <*> (<*>) <*>-<*> and <*>) <*>-merged-<*> and <*>) remote blocks,858
122,BlockManager: Removing RDD <*>,65277
123,InstanceBuilder$<*>LAPACK: Failed to load implementation from:dev<*>ud<*>net<*>ack<*>ILAPACK,728
124,Utils: Fetching spark://spark<*> to <*>sp<*>sp<*>f<*>,1279
125,Utils: Fetching spark://spark<*>sp<*> to <*>sp<*>spark<*>f<*>,1735
126,NewHadoop<*>: Input split: hdfs://<*>,2275
127,ShuffleBlockFetcher<*>: Getting 1 (<*>) non-empty blocks including <*> (<*>) local and <*> (<*>) <*>-local and 0 (<*>) <*>-<*>ged-<*> and <*> (<*>) remote blocks,5712
128,Utils: Fetching spark://spark<*>sp<*> to <*>sp<*>f<*>,189
129,ShuffleBlockFetcher<*>: Getting <*> (<*>) non-empty blocks including <*>) local and <*>) <*>-local and <*>) <*>-<*>ged-<*> and <*>) remote blocks,37
130,ShuffleBlockFetcher<*>: Getting 0 (<*>) non-empty blocks including 0 <*>) local and 0 (<*>) <*>-local and 0 <*>) <*>-merged-<*> and <*>) remote blocks,103877
131,Utils: Fetching spark://spark<*>sp<*> to <*>sp<*>fetch<*>,30
132,ShuffleBlockFetcher<*>: Getting 4 (<*>) non-empty blocks including <*> (<*>) local and <*> (<*>) <*>-local and 0 <*>) <*>-<*>ged-<*> and <*>) remote blocks,62144
133,Executor: Fetching spark://spark<*>ark<*> with timestamp <*>,8416
134,Executor: Fetching spark://spark<*> with <*>,229
135,Utils: Fetching spark://spark<*> to <*>spark<*>spark<*>f<*>,4796
136,Utils: Copying <*>spark<*>sp<*> to <*>spark<*>,264
137,SparkHadoopMapRedUtil: <*>: Committed,11608
138,BlockManager: BlockManager stoppe,213
139,"MemoryStore: Block task<*> stored as bytes in memory (estimated size <*>, free <*>)",4790
140,Executor: Finished task <*> in stage <*> (TID <*>). <*> bytes result sent via BlockManager),5841
141,"MemoryStore: Block taskresult<*> stored as bytes in memory (estimated size <*>, free <*>)",1053
142,ShuffleBlockFetcher<*>: Getting <*> (<*>) non-empty blocks including <*> (<*>) local and <*>) <*>-<*> and <*>) <*>-<*>ged<*> and <*>) remote blocks,19433
143,Utils: Fetching spark://spark<*>sp<*> to <*>sp<*>sp<*>f<*>,446
144,"FileScan<*>: Reading File path: hdfs://<*>, range: <*>, partition values: [empty row]",12294
145,InternalParquetRecordReader: RecordReader initialized will read a total of <*> records.,11827
146,InternalParquetRecordReader: at row <*>. reading next block,12551
147,CodecPool: Got brand-new decompressor [.snappy],1421
148,InternalParquetRecordReader: block read in memory in <*> ms. row count = <*>,12504
149,ShuffleBlockFetcher<*>: Getting <*> (<*>) non-empty blocks including <*> (<*>) local and <*>) <*>-<*> and <*>) <*>-<*>ged-<*> and <*>) remote blocks,3666
150,Bl,1050
151,ShuffleBlockFetcher<*>: Getting <*> (<*>) non-empty blocks including <*> (<*>) local and <*> (<*>) <*>-local and <*>) <*>-<*>ged<*> and <*>) remote blocks,1023
152,ShuffleBlockFetcher<*>: Getting <*> (<*>) non-empty blocks including <*> (<*>) local and <*> (<*>) <*>-local and <*> (<*>) <*>-<*>ged<*> and <*>) remote blocks,6
153,Utils: Successfully started service 'org.<*>spark<*>net<*>NettyBlockTransferService' on port <*>.,561
154,InternalParquetRecordReader: RecordReader initialized will read a total of 10 records.,724
155,CoarseGrainedExecutorBackend: Driver from spark<*>,296
156,Utils: Copying <*>sp<*>sp<*> to <*>spark<*>sp<*>,157
157,ShuffleBlockFetcher<*>: Getting 5 (<*>) non-empty blocks including <*> (<*>) local and <*> (<*>) <*>-local and <*>) <*>-merged-<*> and <*>) remote blocks,1645
158,LAPACK: Failed to load implementation from: com<*>net<*>LAPACK,1412
159,ShuffleBlockFetcher<*>: Getting 5 (<*>) non-empty blocks including <*> (<*>) local and <*> (<*>) <*>-local and <*>) <*>-<*>ged-<*> and <*>) remote blocks,30334
160,ShuffleBlockFetcherIterator: Getting 5 (<*>) non-empty blocks including <*> (<*>) local and 0 (<*>) <*>-local and 0 (<*>) <*>-merged-<*> and <*>) remote blocks,116
161,Utils: Fetching spark://spark<*>sp<*> to <*>f<*>,14
162,Utils: Copying <*>spark<*> to <*>spark<*>,647
163,BlockManager: Removing RDD 64,82
164,BlockManager: Removing RDD 256,43
165,BlockManager: BlockManager stopped,2665
166,"BlockManagerMaster: Registering BlockManager BlockManagerId(<*>, <*>, <*>)",300
167,"BlockManager: Initialized BlockManager: BlockManagerId(<*>, <*>, <*>)",331
168,Utils: Copying <*> to <*>spark<*>sp<*>,238
169,ShuffleBlockFetcherIterator: Getting 1 (<*>) non-empty blocks including <*> (<*>) local and 0 (<*>) <*>-local and 0 (<*>) <*>-merged-<*> and 0 <*>) remote blocks,17254
170,ShuffleBlockFetcher<*>: Getting 1 (<*>) non-empty blocks including <*> (<*>) local and 0 (<*>) <*>-local and 0 <*>) <*>-merged<*> and <*>) remote blocks,2348
171,ShuffleBlockFetcher<*>: Getting 1 (<*>) non-empty blocks including <*> (<*>) local and 0 (<*>) <*>-local and 0 (<*>) <*>-merged-<*> and 0 (<*>) remote blocks,16248
172,ShuffleBlockFetcher<*>: Getting 1 (<*>) non-empty blocks including <*> (<*>) local and 0 (<*>) <*>-local and 0 (<*>) <*>-merged<*> and 0 <*>) remote blocks,5416
173,ShuffleBlockFetcher<*>: Getting 1 (<*>) non-empty blocks including <*> (<*>) local and 0 (<*>) <*>-local and 0 (<*>) <*>-merged<*> and 0 (<*>) remote blocks,5416
174,ShuffleBlockFetcher<*>: Getting 1 (<*>) non-empty blocks including <*> (<*>) local and <*> (<*>) <*>-local and 0 (<*>) <*>-<*>ged-<*> and 0 <*>) remote blocks,12719
175,Executor: 2 block locks were not released by task <*> in stage <*> (TID <*>),22532
176,ShuffleBlockFetcher<*>: Getting 1 (<*>) non-empty blocks including <*> (<*>) local and 0 (<*>) <*>-local and 0 (<*>) <*>-<*>ged-<*> and 0 (<*>) remote blocks,2511
177,Utils: Fetching spark://spark<*> to <*>spark<*>,174
178,"BlockManagerMaster: Registering BlockManager BlockManagerId(<*>, <*>)",168
179,ShuffleBlockFetcher<*>: Getting 1 (<*>) non-empty blocks including <*> (<*>) local and 0 (<*>) <*>-local and 0 (<*>) <*>-<*>ged-<*> and 0 <*>) remote blocks,1466
180,ShuffleBlockFetcher<*>: Getting <*> (<*>) non-empty blocks including <*> (<*>) local and <*> (<*>) <*>-<*> and <*>) <*>-merged-<*> and <*>) remote blocks,1460
181,ShuffleBlockFetcher<*>: Getting <*> (<*>) non-empty blocks including <*> (<*>) local and <*> (<*>) <*>-<*> and <*> (<*>) <*>-merged-<*> and <*>) remote blocks,1460
182,ShuffleBlockFetcher<*>: Getting 8 (<*>) non-empty blocks including <*> (<*>) local and <*> (<*>) <*>-<*> and <*>) <*>-merged-<*> and <*>) remote blocks,2190
183,ShuffleBlockFetcherIterator: Getting <*> (<*>) non-empty blocks including <*> (<*>) local and <*> (<*>) <*>-<*> and <*>) <*>-merged-<*> and <*>) remote blocks,4380
184,ShuffleBlockFetcher<*>: Getting 8 (<*>) non-empty blocks including <*> (<*>) local and 0 (<*>) <*>-<*> and 0 <*>) <*>-merged-<*> and <*>) remote blocks,2190
185,ShuffleBlockFetcherIterator: Getting 8 (<*>) non-empty blocks including <*> (<*>) local and <*> (<*>) <*>-<*> and <*>) <*>-merged-<*> and <*>) remote blocks,730
186,CoarseGrainedExecutorBackend: Connecting to driver: spark://<*>arse<*>ained<*>ark<*>,916
187,Utils: Fetching spark://spark<*> to <*>sp<*>fetch<*>,93
188,TorrentBroadcast: Reading broadcast variable 256 took <*> ms,204
189,TorrentBroadcast: Reading broadcast variable 302 took <*> ms,206
190,Executor: Fetching spark://spark<*>spark<*> with <*>,550
191,Executor: Finished task <*> in stage <*> (TID <*>). 2048 bytes result sent to driver,2084
192,Utils: Fetching spark://spark<*>sp<*> to <*>sp<*>spark<*>fetch<*>,222
193,Utils: Fetching spark://spark<*>sp<*> to <*>sp<*>spark<*>,165
194,Executor: Adding file<*> to class loader,58
195,ShuffleBlockFetcher<*>: Getting 6 (<*>) non-empty blocks including <*> (<*>) local and <*>) <*>-local and <*>) <*>-<*>ged-<*> and <*>) remote blocks,893
196,ShuffleBlockFetcher<*>: Getting <*> (<*>) non-empty blocks including <*> (<*>) local and <*>) <*>-local and <*>) <*>-merged-<*> and <*>) remote blocks,1236
197,ShuffleBlockFetcher<*>: Getting <*> (<*>) non-empty blocks including <*> (<*>) local and <*> (<*>) <*>-<*> and <*> (<*>) <*>-<*>ged-<*> and <*>) remote blocks,851
198,ShuffleBlockFetcher<*>: Getting <*> (<*>) non-empty blocks including <*> (<*>) local and <*> (<*>) <*>-<*> and <*> (<*>) <*>-<*>ged<*> and <*>) remote blocks,1786
199,Utils: Fetching spark://spark<*> to <*>spark<*>fetch<*>,155
200,Utils: Fetching spark://spark<*> to <*>sp<*>spark<*>fetch<*>,240
201,Utils: Fetching spark://spark<*>sp<*> to <*>sp<*>sp<*>,47
202,Utils: Fetching spark://spark<*> to <*>sp<*>spark<*>,322
203,Utils: Fetching spark://spark<*>sp<*> to <*>fetch<*>,2
204,ShuffleBlockFetcher<*>: Getting 6 (<*>) non-empty blocks including <*> (<*>) local and <*>) <*>-<*> and <*>) <*>-<*>ged<*> and <*>) remote blocks,1950
205,ShuffleBlockFetcher<*>: Getting <*> (<*>) non-empty blocks including <*> (<*>) local and <*>) <*>-local and <*>) <*>-<*>ged-<*> and <*>) remote blocks,361
206,Utils: Fetching spark://spark<*>sp<*> to <*>spark<*>spark<*>f<*>,2977
207,ShuffleBlockFetcherIterator: Getting 1 (<*>) non-empty blocks including <*> (<*>) local and 0 (<*>) <*>-local and 0 (<*>) <*>-merged-<*> and 0 (<*>) remote blocks,491
208,ShuffleBlockFetcher<*>: Getting 1 (<*>) non-empty blocks including <*> (<*>) local and 0 (<*>) <*>-<*> and 0 <*>) <*>-<*>ged<*> and <*>) remote blocks,1282
209,ShuffleBlockFetcher<*>: Getting 1 (<*>) non-empty blocks including <*>) local and <*> (<*>) <*>-<*> and 0 <*>) <*>-<*>ged<*> and <*>) remote blocks,60
210,ShuffleBlockFetcherIterator: Getting 2 (<*>) non-empty blocks including <*> (<*>) local and 0 (<*>) <*>-<*> and 0 <*>) <*>-<*>ged-<*> and <*>) remote blocks,10664
211,ShuffleBlockFetcher<*>: Getting 3 (<*>) non-empty blocks including <*> (<*>) local and <*> (<*>) <*>-local and 0 (<*>) <*>-<*>ged-<*> and <*>) remote blocks,91
212,Utils: Fetching spark://spark<*> to <*>sp<*>,81
213,Utils: Fetching spark://spark<*>sp<*> to <*>spark<*>,58
214,InternalParquetRecordReader: block read in memory in 90 ms. row count = <*>,15
215,Utils: Fetching spark://spark<*>sp<*> to <*>sp<*>,12
216,ShuffleBlockFetcher<*>: Getting 8 (<*>) non-empty blocks including <*> (<*>) local and <*> (<*>) <*>-local and <*>) <*>-<*>ged<*> and <*>) remote blocks,39
217,InternalParquetRecordReader: block read in memory in 64 ms. row count = <*>,32
218,"BlockManager: Initialized BlockManager: BlockManagerId(<*>, <*>)",173
219,"BlockManagerMaster: Registering BlockManager BlockManagerId(<*>, <*>, <*>, <*>)",57
220,Utils: Fetching spark://spark<*> to <*>spark<*>spark<*>fetch<*>,486
221,Utils: Fetching spark://spark<*> to <*>,19
222,ShuffleBlockFetcher<*>: Getting <*> (<*>) non-empty blocks including <*>) local and <*>) <*>-<*> and <*>) <*>-<*>ged-<*> and <*>) remote blocks,90
223,Utils: Fetching spark://spark<*> to <*>sp<*>sp<*>fetch<*>,160
224,ShuffleBlockFetcher<*>: Getting 3 (<*>) non-empty blocks including <*> (<*>) local and <*> (<*>) <*>-local and <*>) <*>-<*>ged-<*> and <*>) remote blocks,149
225,Executor: Fetching spark://spark<*>spark<*> with timestamp <*>,316
226,FileOutputCommitter: Saved output of task '<*>' to hdfs://sp<*>,187
227,Utils: Copying <*>spark<*>spark<*> to <*>spark<*>,32
228,Utils: Fetching spark://spark<*> to <*>fetch<*>,17
229,ShuffleBlockFetcher<*>: Getting 8 (<*>) non-empty blocks including <*> (<*>) local and <*>) <*>-local and <*>) <*>-merged-<*> and <*>) remote blocks,27
230,"FileScan<*>: Reading File path: hdfs://<*>par<*>, range: <*>, partition values: [empty row]",257
231,Utils: Fetching spark://spark<*>sp<*> to <*>spark<*>spark<*>,362
232,SparkHadoopMap<*>Util: attempt<*>: Committed,265
233,Utils: Fetching spark://spark<*> to <*>sp<*>sp<*>,149
234,CoarseGrainedExecutorBackend: Driver from spark<*>:<*>,1
235,Utils: Copying <*>sp<*>cache to <*>spark<*>sp<*>,6
236,ShuffleBlockFetcher<*>: Getting 2 (<*>) non-empty blocks including <*> (<*>) local and <*> (<*>) <*>-local and 0 <*>) <*>-<*>ged-<*> and <*>) remote blocks,32
237,TransportClientFactory: Successfully created connection to <*> ms (<*> ms spent in bootstraps),25
238,<*>,79
239,ShutdownHookManager: Shutdown hook called,2013
240,ShuffleBlockFetcher<*>: Getting <*> (<*>) non-empty blocks including <*> (<*>) local and <*>) <*>-local and <*>) <*>-<*>ged<*> and <*>) remote blocks,33
241,ShutdownHookManager: Deleting directory <*>,1722
242,CoarseGrainedExecutorBackend: RECE,223
243,Utils: Fetching spark://spark<*> to <*>spark<*>sp<*>f<*>,917
244,ShuffleBlockFetcher<*>: Getting 5 (<*>) non-empty blocks including <*> (<*>) local and 0 (<*>) <*>-local and 0 <*>) <*>-merged-<*> and <*>) remote blocks,126
245,Utils: Fetching spark://spark<*>sp<*> to <*>spark<*>sp<*>f<*>,349
246,Utils: Fetching spark://spark<*> to <*>spark<*>spark<*>,548
247,ShuffleBlockFetcher<*>: Getting 2 (<*>) non-empty blocks including <*> (<*>) local and <*>) <*>-<*> and <*>) <*>-<*>ged<*> and <*>) remote blocks,372
248,ShuffleBlockFetcher<*>: Getting 3 (<*>) non-empty blocks including <*> (<*>) local and <*>) <*>-<*> and <*>) <*>-<*>ged<*> and <*>) remote blocks,291
249,Utils: Fetching spark://spark<*> to <*>ark<*>spark<*>f<*>,59
250,Utils: Fetching spark://spark<*> to <*>spark<*>sp<*>fetch<*>,120
251,Utils: Copying <*> to <*>sp<*>,22
252,ShuffleBlockFetcher<*>: Getting 1 (<*>) non-empty blocks including <*> (<*>) local and <*> (<*>) <*>-local and 0 <*>) <*>-<*>ged<*> and <*>) remote blocks,217
253,"DFSClient: No live nodes contain block <*> after checking nodes = <*>], <*>Nodes = null",3536
254,DFSClient: No node available for <*>,2099
255,DFSClient: Could not obtain <*> from any node: No live nodes contain current block Block locations: Dead nodes: . Will get new block locations from <*>ode and retry...,2099
256,"DFSClient: DFS chooseDataNode: got # <*> IOException, will wait for <*>.",1696
257,DFSClient: Could not obtain block: <*> No live nodes contain current block Block locations: Dead nodes: . Throwing a BlockMissingException,1440
258,DFSClient: DFS Read,720
259,Executor: Exception in task <*> in stage <*> (TID <*>),728
260,"DFSClient: DFS chooseDataNode: got <*> IOException, will wait for <*>.",446
261,"Executor: Executor is trying to kill task <*> in stage <*> (TID <*>), reason: Stage cancelled",72
262,Utils: Copying <*>spark<*> to <*>spark<*>sp<*>,497
263,Executor: Issue communicating with driver in heartbeater,498
264,TransportResponseHandler: Ignoring response for RPC <*> from <*> (<*>) since it is not outstanding,186
265,BlockReaderFactory: I/O error constructing remote block reader.,104
266,"DFSClient: Failed to connect to <*> for file <*> for <*>, add to <*>odes and continue<*>",98
267,"DFSClient: No live nodes contain block <*> after checking nodes = [<*>ode<*>]], <*>Nodes = null",104
268,DFSClient: Could not obtain <*> from any node: No live nodes contain current block Block locations: DatanodeInfoWithStorage[<*>DISK] Dead nodes: DatanodeInfoWithStorage[<*>DISK]. Will get new block locations from <*>ode and retry...,30
269,TransportChannelHandler: Exception in connection from <*>,1586
270,CoarseGrainedExecutorBackend: Executor self-exiting due to : Unable to create executor due to No space left on device,1585
271,Client: Retrying connect to server: <*> Already tried <*> time(s); max<*>ries<*>,1459
272,Utils: Fetching spark://spark<*> to <*>spark<*>sp<*>,103
273,Utils: Fetching spark://spark<*> to <*>spark<*>ark<*>f<*>,18
274,DFSClient: Could not obtain <*> from any node: No live nodes contain current block Block locations: DatanodeInfoWithStorage[<*>K] Dead nodes: DatanodeInfoWithStorage[<*>DISK]. Will get new block locations from <*>ode and retry...,75
275,Utils: Copying <*>sp<*>ark<*> to <*>spark<*>sp<*>,1
276,Utils: Fetching spark://spark<*>sp<*> to <*>spark<*>sp<*>fetch<*>,43
277,SparkHadoopMapRedUtil: attempt<*>: Committed,18
278,BlockManager: Putting block <*> failed due to exception <*>BlockMissingException: Could not obtain block: <*>,264
279,BlockManager: Block <*> could not be removed as it was not found on disk or in memory,271
280,BlockManager: Putting block <*> failed due to exception <*>TaskKilledException.,7
281,"Executor: Executor killed task <*> in stage <*> (TID <*>), reason: Stage cancelled",11
282,CoarseGrainedExecutorBackend: RECEIVED SIGNAL <*>,8
283,"BlockManagerMaster: Registered BlockManager BlockManagerId(<*>, <*>, <*>)",25
284,CoarseGrainedExecutorBackend: Executor self-exiting due to : Cannot reg,2
285,Utils: Copying <*>spark<*>spark<*> to /<*>spark<*>,3
286,Utils: Fetching spark://spark<*> to <*>ark<*>f<*>,10
287,CoarseGrainedExecutorBackend: Driver from spark<*> disconnected during shutdown,10
288,Utils: Fetching spark://spark<*>sp<*> to <*>ark<*>spark<*>f<*>,14
289,Executor: Executor is trying to kill task <*> in stage <*>,2
290,Utils: Copying <*>sp<*> to <*>sp<*>,7
291,Utils: Successfully started service 'org.<*>ark<*>net<*>NettyBlockTransferService' on port <*>.,2
292,DFSClient: Successfully connected to <*> for <*>,3
293,TransportResponseHandler: Ignoring response for RPC <*> from <*>) since it is not outstanding,11
294,ShutdownHookManager: Deleting directory <*>spark<*>,42
295,"DFSClient: DFS chooseDataNode: got # <*>Exception, will wait for <*>.",25
296,SparkHadoopMap<*>il: <*>: Committed,7
297,ShuffleBlockFetcher<*>: Getting 4 (<*>) non-empty blocks including <*> (<*>) local and <*> (<*>) <*>-local and 0 (<*>) <*>-merged-<*> and <*>) remote blocks,14
298,CoarseGrainedExecutorBackend: Started daemon with process,2
299,ShutdownHookManager: Deleting directory <*>ark<*>,31
300,"DFSClient: DFS chooseDataNode: got <*>Exception, will wait for <*>.",37
301,Utils: Copying <*>spark<*>sp<*> to <*>spark<*>sp<*>,24
302,Utils: Fetching spark://spark<*> to <*>ark<*>spark<*>,4
303,"BlockManagerMaster: Registered BlockManager BlockManagerId(<*>, <*>)",5
304,ShuffleBlockFetcher<*>: Getting 5 (<*>) non-empty blocks including <*> (<*>) local and 0 (<*>) <*>-<*> and 0 <*>) <*>-merged-<*> and <*>) remote blocks,121
305,ShutdownHookManager: Shutdown hook,92
306,TransportResponseHandler: Still have <*> requests outstanding when connection from <*> is closed,2
307,MapOutputTrackerWorker: Error communicating with MapOutputTracker,1
308,ShutdownHookManager: Deleting directory <*>sp<*>,40
309,Executor: Exception in task <*> in stage <*> (TID <*>): Error communicating with MapOutputTracker,1
310,Utils: Fetching spark://spark<*>sp<*> to <*>spark<*>sp<*>,58
311,"Data<*>: Slow wait<*> took <*> (<*>). File being written: <*>, block: <*>, Write pipeline datanodes: [DatanodeInfoWithStorage<*>]].",2
312,ShutdownHookManager: Deleting directory <*>spark<*>spark<*>,10
313,ShutdownHookManager: Deleting directory <*>spark<*>ark<*>,4
314,ShuffleBlockFetcher<*>: Getting <*> (<*>) non-empty blocks including <*> (<*>) local and <*>) <*>-<*> and <*>) <*>-merged-<*> and <*>) remote blocks,1
315,"DFSClient: Failed to connect to <*> for file <*> for block <*>, add to <*>Nodes and continue<*>",2
316,ShutdownHookManager: Deleting directory <*>t,10
317,CoarseGrainedExecutorBackend: Started daemon with process name: <*>sp<*>,4
318,"BlockManagerMaster: Registered BlockManager BlockManagerId(<*>, <*>, <*>, <*>)",9
319,CoarseGrainedExecutorBackend: Executor self-exiting due to : Cannot register with driver: spark://<*>arseGrained<*>spark<*>,1
320,Executor: Fetching spark://spark<*>jar with timestamp <*>,3
321,CoarseGrainedExecutorBackend: RECEIVED <*>,3
322,Utils: Fetching spark://spark<*> to <*>sp<*>ark<*>f<*>,3
323,ShuffleBlockFetcherIterator: Getting 5 (<*>) non-empty blocks including <*> (<*>) local and <*> (<*>) <*>-<*> and 0 <*>) <*>-merged-<*> and <*>) remote blocks,55
324,Utils: Fetching spark://spark<*>sp<*> to <*>spark<*>ark<*>f<*>,3
325,TransportClientFactory: Successfully created connection to <*> (<*> ms spent in bootstraps),1
326,TransportClientFactory: Successfully created connection to <*> after <*> (<*> ms spent in bootstraps),1
327,"Executor: Executor is trying to kill task <*> in stage <*> (TID <*>), reason: Stage <*>",2
328,Utils: Copying <*>sp<*> to <*>spark<*>spark<*>,6
329,DataStreamer: Exception in createBlockOutput<*>,2
330,DataStreamer: Abandoning <*>,6
331,DataStreamer: Excluding datanode DatanodeInfoWithStorage[<*>],6
332,DataStreamer: DataStreamer Exception,7
333,Utils: Aborting task,8
334,SparkHadoopWriter: Task <*> aborted.,7
335,Utils: Copying <*>spark<*>spark<*> to <*>spark<*>sp<*>,1
336,DataStreamer: Exception in createBlockOutputStream <*>,3
337,Executor: Executor is trying to kill task <*> in,1
338,Executor:,1
339,ShuffleBlockFetcher<*>: Getting 1 (<*>) non-empty blocks including <*> (<*>) local and <*> (<*>) <*>-<*> and <*>) <*>-<*>ged<*> and <*>) remote blocks,63
340,ShuffleBlockFetcher<*>: Getting 1 (<*>) non-empty blocks including <*> (<*>) local and 0 (<*>) <*>-<*> and 0 (<*>) <*>-<*>ged-<*> and <*>) remote blocks,124
341,ShuffleBlockFetcher<*>: Getting 5 (<*>) non-empty blocks including <*> (<*>) local and 0 (<*>) <*>-<*> and 0 (<*>) <*>-merged-<*> and <*>) remote blocks,54
342,CoarseGr,39
343,CoarseGraine,8
344,ShutdownHookManager: Delet,104
345,CoarseGrainedExecutorBackend: RE,24
346,Utils: Copying <*>spark<*> to <*>spark<*>encies<*>,1
347,Coa,16
348,Co,9
349,Coars,10
350,Coar,9
351,Utils: Fetching spark://spark<*> to <*>spark<*>ark<*>fetch<*>,4
352,Executor: Finished task <*> in stage <*> (TID <*>). 4090 bytes result sent to driver,1
353,HadoopMapRedCommitProtocol: Using output committ,1
354,Executor: Finished task <*> in stage <*> (TID <*>),2
355,DataStreamer: Exception for <*>,1
356,ShuffleBlockFetcher<*>: Getting 1 (<*>) non-empty blocks including <*> (<*>) local and <*> (<*>) <*>-<*> and 0 <*>) <*>-<*>ged<*> and <*>) remote blocks,217
357,ShutdownHookManager: Deleting directory <*>sp<*>spark<*>,4
358,CoarseGrainedExecutorBackend: Connecting to driver: spark://<*>,1
359,MapOutputTrackerWorker: Doing the fetch; tracker endpoint = Net<*>point<*>(spark://MapOutput<*>ark<*>),106
360,Utils: Fetching spark://spark<*> to <*>ark<*>fetch<*>,1
361,Executor: Adding file<*>spark<*>sp<*> to class loader,1
362,MemoryStore: Block <*> stored as values in memory,1
363,ShuffleBlockFetcher<*>: Getting 1 (<*>) non-empty blocks including <*> (<*>) local and 0 (<*>) <*>-local and 0 (<*>) <*>-merged-<*> and 0 <*>) remote blocks,343
364,ShuffleBlockFetcher<*>: Getting 5 (<*>) non-empty blocks including <*> (<*>) local and <*> (<*>) <*>-<*> and 0 <*>) <*>-merged-<*> and <*>) remote blocks,60
365,CoarseGrainedExecut,5
366,CoarseGrainedExecutorB,2
367,CoarseGrain,7
368,Utils: Fetching spark://spark<*> to <*>sp<*>ark<*>,1
369,CoarseGrainedExecutorBackend:,3
370,ShutdownHookMana,29
371,DiskBlockManager: Shutdown hook called,5
372,CoarseGrainedExecutorBack,5
373,Utils: Fetching spark://spark<*> to <*>ark<*>spark<*>fetch<*>,1
374,CoarseGrainedExecutorBackend: Driver from <*> disconnected during shutdown,6
375,CoarseGrained,2
376,ShuffleBlockFetcher<*>: Getting 1 (<*>) non-empty blocks including <*> (<*>) local and <*> (<*>) <*>-<*> and 0 <*>) <*>-<*>ged-<*> and <*>) remote blocks,67
377,ShuffleBlockFetcher<*>: Getting 5 (<*>) non-empty blocks including <*> (<*>) local and 0 (<*>) <*>-local and 0 (<*>) <*>-merged-<*> and <*>) remote blocks,61
378,Utils: Copying <*>sp<*>sp<*> to <*>spark<*>spark<*>,1
379,ShutdownHookManager: Deleting directory <*>sp<*>sp<*>,2
380,Utils: Copying <*>spark<*>sp<*> to /<*>spark<*>,5
381,Coarse<*>i,5
382,"MemoryStore: Block task<*> stored as bytes in memory (estimated size <*>, <*>",1
383,ShutdownHookManager: Deleting directory <*>ark<*>ark<*>,10
384,Utils: Copying <*>spark<*>sp<*>cache to <*>spark<*>,1
385,ShuffleBlockFetcher<*>: Getting 4 (<*>) non-empty blocks including <*> (<*>) local and <*>) <*>-local and 0 <*>) <*>-<*>ged-<*> and <*>) remote blocks,1
386,Coarse<*>,5
387,TorrentBroadcast: Reading broadcast variable <*> took 404 ms,1
388,ShutdownHookManager: Deleting directory <*>ark<*>spark<*>,4
389,"DFSClient: Failed to connect to <*> for file <*>par<*> for block <*>, add to deadNodes and continue<*>",2
390,"DFSClient: Failed to connect to <*> for file <*>par<*> for block <*>, add to <*>odes and continue<*>",2
391,CoarseGrainedExecutorBackend: Started daemon with process name: <*>ark<*>,1
392,DataStreamer: Exception in createBlock<*>,1
393,MemoryStore: Block <*> stored as values in memory (,1
394,CoarseG,1
395,Utils: Fetching spark://spark<*> to <*>ark<*>,1
396,CoarseGrainedExecutorBackend: Executor self-exiting due to : Cannot register with driver: spark://<*>arse<*>ained<*>spark<*>,1
397,Utils: Fetching spark://spark<*> to <*>ark<*>sp<*>,1
398,Utils: Copying <*>sp<*>spark<*> to <*>spark<*>sp<*>,1
399,Utils: Copying <*>spark<*> to /<*>spark<*>,2
400,Utils: Copying <*>sp<*>add<*> to <*>spark<*>sp<*>,1
401,Utils: Exception encountered,1
402,Utils: Fetching spark://spark<*>sp<*> to <*>,1
403,CoarseGrainedExecutorBackend: Started daemon with process name: <*>spark<*>,1
404,SecurityManager: Changing modify acls to: roo,1
405,"Data<*>: Slow ReadProcessor read fields for block <*> (<*>); ack: <*>: <*> reply: <*>CCESS <*>ck<*>: <*> flag: <*>, targets: [<*>anode<*>[<*>]]",2
406,"Data<*>: Slow wait<*> took <*> (<*>reshold<*>). File being written: <*>, block: <*>, Write pipeline datanodes: [DatanodeInfoWithStorage<*>]].",1
407,SparkHadoopMap<*>Util: <*>: Not committed because the driver did not authorize commit,1
408,FileOutputCommitter: Could not delete hdfs://<*>,1
409,TransportClientFactory: Successfully created connection to <*>:<*> after <*> ms (<*> ms spent in bootstraps),1
410,"BlockManager: Putting block <*> failed due to exception java.io<*>InterruptedIOException: DestHost:<*> , LocalHost:<*>. Failed on local exception: java.io<*>ruptedIOException: Inter<*>",1
411,CoarseGrainedExecutorBackend: Executor self-exiting due to : Driver <*> disassociated! Shutting down.,1
412,"Executor: Exception in task <*> in stage <*> (TID <*>): DestHost:<*> , LocalHost:<*>. Failed on local exception: <*>io<*>Exception: Interrupted while waiting for IO on channel <*>[connection<*>ending <*>ark<*>]. Total timeout <*> is <*>, <*> millis timeout left<*>",1
413,ResourceUtils: =================================================<*>,1
