EventId,EventTemplate,Occurrences
1,CoarseGrainedExecutorBackend: Started daemon with process name:<*>@spark-slave,23578
2,SignalUtils: Registering signal handler for <*>,70766
3,NativeCodeLoader: Unable to load native-hadoop library for your platform... using builtin-java classes where applicable,23460
4,SecurityManager: Changing <*> acls <*> <*>,186791
5,SecurityManager: SecurityManager: authentication disabled; ui acls disabled; users with view permissions: Set(root); groups with view permissions: Set(); users with modify permissions: Set(root); groups with modify permissions: Set(),46733
6,TransportClientFactory: Successfully created connection to <*> <*> ms spent in bootstraps),114541
7,DiskBlockManager: Created local directory at <*>,23257
8,MemoryStore: MemoryStore started with capacity <*> MiB,23254
9,WorkerWatcher: Connecting to worker spark:<*>,23243
10,CoarseGrainedExecutorBackend: Connecting to driver: spark:<*>,23243
11,ResourceUtils: <*>,46484
12,ResourceUtils: No custom resources configured for spark.executor.,23242
13,WorkerWatcher: Successfully connected to spark:<*>,23208
14,CoarseGrainedExecutorBackend: Successfully registered with driver,23232
15,Executor: Starting executor ID<*>on host <*>,23233
16,Utils: Successfully started service <*> on port<*>.,23224
17,NettyBlockTransferService: Server created on <*>,23224
18,BlockManager: Using org.apache.spark.storage.RandomBlockReplicationPolicy for block replication policy,23224
19,"BlockManagerMaster: <*> BlockManager <*> <*><*>, None)",46448
20,"BlockManager: Initialized BlockManager: <*> <*><*>, None)",23224
21,Executor: Fetching spark:<*>,23947
22,Utils: Fetching spark:<*>,23956
23,Utils: Copying <*>to <*>,22338
24,Executor: Adding file:<*>to class loader,22334
25,CoarseGrainedExecutorBackend: Got assigned task<*>,2511108
26,Executor: <*> task <*> in stage <*> (TID<*>),2511109
27,TorrentBroadcast: Started reading broadcast variable<*>with<*>pieces (estimated total size <*> MiB),548566
28,MemoryStore: Block <*> stored as <*> in memory (estimated size <*> <*> free <*> MiB),1056591
29,TorrentBroadcast: Reading broadcast variable<*>took<*>ms,548536
30,MemoryStore: Block <*> as <*> in memory (estimated size <*> <*> free <*> MiB),554370
31,HadoopRDD: Input split: hdfs:<*>,232586
32,Executor: Finished task <*> in stage <*> (TID<*>).<*>bytes result sent <*> <*>,2510286
33,MapOutputTrackerWorker: Updating epoch to<*>and clearing cache,173710
34,"MapOutputTrackerWorker: Don't have map outputs for shuffle<*>, fetching them",179693
35,MapOutputTrackerWorker: Doing the fetch; tracker endpoint = NettyRpcEndpointRef(spark:<*>,179693
36,MapOutputTrackerWorker: Got the map output locations,179690
37,ShuffleBlockFetcherIterator: Getting<*>(<*> <*> non-empty blocks including<*>(<*> <*> local and<*>(<*> B) host-local and<*>(<*> B) push-merged-local and<*>(<*> B) remote blocks,791866
38,ShuffleBlockFetcherIterator: Started<*>remote fetches in<*>ms,791932
39,BlockManager: Found block <*> locally,1821822
40,CodeGenerator: Code generated in <*> ms,52561
41,FileOutputCommitter: File Output Committer Algorithm version is<*>,106538
42,"FileOutputCommitter: FileOutputCommitter skip cleanup _temporary folders under output directory:false, ignore cleanup failures: false",106542
43,SQLHadoopMapReduceCommitProtocol: Using user defined output committer class org.apache.parquet.hadoop.ParquetOutputCommitter,6380
44,SQLHadoopMapReduceCommitProtocol: Using output committer class org.apache.parquet.hadoop.ParquetOutputCommitter,6380
45,CodecConfig: Compression: SNAPPY,12760
46,ParquetOutputFormat: Parquet block size to<*>,6380
47,ParquetOutputFormat: Validation is off,6380
48,ParquetOutputFormat: Maximum row group padding size is<*>bytes,6380
49,ParquetOutputFormat: Parquet properties are:,6380
50,ParquetWriteSupport: Initialized Parquet WriteSupport with Catalyst schema:,6380
51,CodecPool: Got brand-new <*> <*>,2852
52,FileOutputCommitter: Saved output of task <*> to hdfs:<*>,94119
53,SparkHadoopMapRedUtil: <*> Committed,94447
54,CoarseGrainedExecutorBackend: Driver commanded a shutdown,22164
55,MemoryStore: MemoryStore cleared,4746
56,HadoopMapRedCommitProtocol: Using output committer class org.apache.hadoop.mapred.FileOutputCommitter,82009
57,CoarseGrainedExecutorBackend: RECEIVED SIGNAL <*>,18645
58,BLAS: Failed to load implementation from: <*>,5807
59,Executor:<*>block locks were not released by task <*> in stage <*> (TID<*>),55316
60,InstanceBuilder$NativeBLAS: Failed to load implementation <*>,11334
61,BlockManager: Asked to remove block <*> which does not exist,3567
62,BlockManager: Removing RDD<*>,65402
63,InstanceBuilder$NativeLAPACK: Failed to load implementation from:dev.ludovic.netlib.lapack.JNILAPACK,728
64,NewHadoopRDD: Input split: hdfs:<*>,2275
65,BlockManager: BlockManager <*>,2878
66,FileScanRDD: Reading File path: hdfs:<*>,12551
67,InternalParquetRecordReader: RecordReader initialized will read a total of<*>records.,12551
68,InternalParquetRecordReader: at row<*>. reading next block,12551
69,InternalParquetRecordReader: block read in memory in<*>ms. row count =<*>,12551
70,Bl,1050
71,CoarseGrainedExecutorBackend: Driver from <*>,297
72,LAPACK: Failed to load implementation from: <*>,1412
73,C,79
74,ShutdownHookManager: Shutdown hook called,2013
75,ShutdownHookManager: Deleting directory <*>,1879
76,CoarseGrainedExecutorBackend: <*>,247
77,DFSClient: No live nodes contain block <*> after checking nodes = <*> ignoredNodes = null,3640
78,DFSClient: No node available for <*> <*>,2099
79,DFSClient: Could not obtain <*> from any node: No live nodes contain current block Block locations: Dead nodes: . Will get new block locations from namenode and retry...,2099
80,"DFSClient: DFS chooseDataNode: got #<*>IOException, will wait for <*> msec.",2204
81,DFSClient: Could not obtain block: <*> file=<*>No live nodes contain current block Block locations: Dead nodes: . Throwing a BlockMissingException,1440
82,DFSClient: DFS Read,720
83,Executor: Exception in task <*> in stage <*> (TID<*>),728
84,"Executor: Executor is trying to kill task <*> in stage <*> (TID<*>), reason: Stage <*>",74
85,Executor: Issue communicating with driver in heartbeater,498
86,TransportResponseHandler: Ignoring response for RPC<*>from spark-master<*>(81 bytes) since it is not outstanding,197
87,BlockReaderFactory: I<*>error constructing remote block reader.,104
88,"DFSClient: Failed to connect to <*>for file <*>for block <*>, add to deadNodes and continue.",104
89,DFSClient: Could not obtain <*> from any node: No live nodes contain current block Block locations: DatanodeInfoWithStorage<*>. Will get new block locations from namenode and retry...,105
90,TransportChannelHandler: Exception in connection from <*>,1586
91,CoarseGrainedExecutorBackend: Executor self-exiting due to : Unable to create executor due to No space left on device,1585
92,Client: Retrying connect to server: spark-master<*>Already tried<*>time(s); maxRetries=45,1459
93,BlockManager: Putting block <*> failed due to exception org.apache.hadoop.hdfs.BlockMissingException: Could not obtain block: <*> <*>,264
94,BlockManager: Block <*> could not be removed as it was not found on disk or in memory,271
95,BlockManager: Putting block rdd<*>1 failed due to exception org.apache.spark.TaskKilledException.,7
96,"Executor: Executor killed task <*> in stage <*> (TID<*>), reason: Stage cancelled",11
97,CoarseGrainedExecutorBackend: Executor self-exiting due to : Cannot reg,2
98,CoarseGrainedExecutorBackend: Driver from <*> disconnected during shutdown,16
99,Executor: Executor is trying to kill task <*> in stage <*>,2
100,DFSClient: Successfully connected to <*>for <*>,3
101,CoarseGrainedExecutorBackend: Started daemon with process,2
102,ShutdownHookManager: Shutdown hook,92
103,TransportResponseHandler: Still have<*>requests outstanding when connection from spark-master<*>is closed,2
104,MapOutputTrackerWorker: Error communicating with MapOutputTracker,1
105,Executor: Exception in task <*> in stage <*> (TID<*>): Error communicating with MapOutputTracker,1
106,"DataStreamer: Slow waitForAckedSeqno took<*>ms (threshold=30000ms). File being written: <*>block: <*>, Write pipeline datanodes: <*>.",3
107,CoarseGrainedExecutorBackend: Executor self-exiting due to : <*> <*> <*> <*> <*>,3
108,CoarseGrainedExecutorBackend: RECEIVED SI,3
109,DataStreamer: Exception in createBlockOutputStream <*>,6
110,DataStreamer: Abandoning <*>,6
111,DataStreamer: Excluding datanode DatanodeInfoWithStorage<*>,6
112,DataStreamer: DataStreamer Exception,7
113,Utils: Aborting task,8
114,SparkHadoopWriter: Task attempt<*>0003_m<*>0 aborted.,7
115,Executor: Executor is trying to kill task <*> in,1
116,Executor:,1
117,CoarseGr,39
118,CoarseGraine,8
119,ShutdownHookManager: Delet,104
120,Coa,16
121,Co,9
122,Coars,10
123,Coar,9
124,HadoopMapRedCommitProtocol: Using output committ,1
125,DataStreamer: Exception for <*>,1
126,MemoryStore: Block broadcast<*>stored as values in memory,1
127,CoarseGrainedExecut,5
128,CoarseGrainedExecutorB,2
129,CoarseGrain,7
130,CoarseGrainedExecutorBackend:,3
131,ShutdownHookMana,29
132,DiskBlockManager: Shutdown hook called,5
133,CoarseGrainedExecutorBack,5
134,CoarseGrained,2
135,CoarseGrai,5
136,"MemoryStore: Block taskresult<*>stored as bytes in memory (estimated size <*> MiB, fre",1
137,CoarseGra,5
138,MemoryStore: Block broadcast<*>stored as values in memory (,1
139,CoarseG,1
140,Utils: Exception encountered,1
141,"DataStreamer: Slow ReadProcessor read fields for block <*> took<*>ms (threshold=30000ms); ack: seqno:<*>reply: SUCCESS downstreamAckTimeNanos:<*>flag:<*>, targets: <*>",2
142,SparkHadoopMapRedUtil: attempt<*>0003_m<*>0: Not committed because the driver did not authorize commit,1
143,FileOutputCommitter: Could not delete hdfs:<*>,1
144,"BlockManager: Putting block rdd<*>0 failed due to exception java.io.InterruptedIOException: DestHost:destPort spark-master:9000 , LocalHost:localPort spark-slave<*>Failed on local exception: java.io.InterruptedIOException: Interrup",1
145,"Executor: Exception in task <*> in stage <*> (TID<*>): DestHost:destPort spark-master:9000 , LocalHost:localPort spark-slave<*>Failed on local exception: java.io.InterruptedIOException: Interrupted while waiting for IO on channel java.nio.channels.SocketChannel<*>. Total timeout mills is<*>,<*>millis timeout left.",1
